/* ==============================================================================
 * ZweiOS - Embedded Complex Windows Applications
 * Generated automatically by apps/build_all_win_apps.py
 * Contains authentic PE32+ binaries compiled from: apps/win_sysinfo.c, apps/win_calc.c, apps/win_life.c
 * ============================================================================== */

#include "loader/loader.hpp"

namespace loader {

// Real 64-bit Windows PE32+ Executable: win_sysinfo.exe (10040 bytes)
alignas(16) static const uint8_t sample_win_sysinfo_binary[] = {
    0x4D, 0x5A, 0x90, 0x00, 0x03, 0x00, 0x00, 0x00, 0x04, 0x00, 0x00, 0x00, 0xFF, 0xFF, 0x00, 0x00,
    0xB8, 0x00, 0x00, 0x00, 0x00, 0x00, 0x00, 0x00, 0x40, 0x00, 0x00, 0x00, 0x00, 0x00, 0x00, 0x00,
    0x00, 0x00, 0x00, 0x00, 0x00, 0x00, 0x00, 0x00, 0x00, 0x00, 0x00, 0x00, 0x00, 0x00, 0x00, 0x00,
    0x00, 0x00, 0x00, 0x00, 0x00, 0x00, 0x00, 0x00, 0x00, 0x00, 0x00, 0x00, 0x80, 0x00, 0x00, 0x00,
    0x0E, 0x1F, 0xBA, 0x0E, 0x00, 0xB4, 0x09, 0xCD, 0x21, 0xB8, 0x01, 0x4C, 0xCD, 0x21, 0x54, 0x68,
    0x69, 0x73, 0x20, 0x70, 0x72, 0x6F, 0x67, 0x72, 0x61, 0x6D, 0x20, 0x63, 0x61, 0x6E, 0x6E, 0x6F,
    0x74, 0x20, 0x62, 0x65, 0x20, 0x72, 0x75, 0x6E, 0x20, 0x69, 0x6E, 0x20, 0x44, 0x4F, 0x53, 0x20,
    0x6D, 0x6F, 0x64, 0x65, 0x2E, 0x0D, 0x0D, 0x0A, 0x24, 0x00, 0x00, 0x00, 0x00, 0x00, 0x00, 0x00,
    0x50, 0x45, 0x00, 0x00, 0x64, 0x86, 0x05, 0x00, 0x55, 0x0D, 0x9B, 0x6A, 0x00, 0x16, 0x00, 0x00,
    0xAA, 0x00, 0x00, 0x00, 0xF0, 0x00, 0x26, 0x02, 0x0B, 0x02, 0x02, 0x2F, 0x00, 0x08, 0x00, 0x00,
    0x00, 0x0A, 0x00, 0x00, 0x00, 0x00, 0x00, 0x00, 0x00, 0x10, 0x00, 0x00, 0x00, 0x10, 0x00, 0x00,
    0x00, 0x00, 0x80, 0x00, 0x00, 0x00, 0x00, 0x00, 0x00, 0x10, 0x00, 0x00, 0x00, 0x02, 0x00, 0x00,
    0x04, 0x00, 0x00, 0x00, 0x00, 0x00, 0x00, 0x00, 0x05, 0x00, 0x02, 0x00, 0x00, 0x00, 0x00, 0x00,
    0x00, 0x60, 0x00, 0x00, 0x00, 0x04, 0x00, 0x00, 0x96, 0x6C, 0x00, 0x00, 0x03, 0x00, 0x60, 0x01,
    0x00, 0x00, 0x20, 0x00, 0x00, 0x00, 0x00, 0x00, 0x00, 0x10, 0x00, 0x00, 0x00, 0x00, 0x00, 0x00,
    0x00, 0x00, 0x10, 0x00, 0x00, 0x00, 0x00, 0x00, 0x00, 0x10, 0x00, 0x00, 0x00, 0x00, 0x00, 0x00,
    0x00, 0x00, 0x00, 0x00, 0x10, 0x00, 0x00, 0x00, 0x00, 0x00, 0x00, 0x00, 0x00, 0x00, 0x00, 0x00,
    0x00, 0x50, 0x00, 0x00, 0x88, 0x01, 0x00, 0x00, 0x00, 0x00, 0x00, 0x00, 0x00, 0x00, 0x00, 0x00,
    0x00, 0x30, 0x00, 0x00, 0x48, 0x00, 0x00, 0x00, 0x00, 0x00, 0x00, 0x00, 0x00, 0x00, 0x00, 0x00,
    0x00, 0x00, 0x00, 0x00, 0x00, 0x00, 0x00, 0x00, 0x00, 0x00, 0x00, 0x00, 0x00, 0x00, 0x00, 0x00,
    0x00, 0x00, 0x00, 0x00, 0x00, 0x00, 0x00, 0x00, 0x00, 0x00, 0x00, 0x00, 0x00, 0x00, 0x00, 0x00,
    0x00, 0x00, 0x00, 0x00, 0x00, 0x00, 0x00, 0x00, 0x00, 0x00, 0x00, 0x00, 0x00, 0x00, 0x00, 0x00,
    0x00, 0x00, 0x00, 0x00, 0x00, 0x00, 0x00, 0x00, 0x78, 0x50, 0x00, 0x00, 0x50, 0x00, 0x00, 0x00,
    0x00, 0x00, 0x00, 0x00, 0x00, 0x00, 0x00, 0x00, 0x00, 0x00, 0x00, 0x00, 0x00, 0x00, 0x00, 0x00,
    0x00, 0x00, 0x00, 0x00, 0x00, 0x00, 0x00, 0x00, 0x2E, 0x74, 0x65, 0x78, 0x74, 0x00, 0x00, 0x00,
    0x90, 0x06, 0x00, 0x00, 0x00, 0x10, 0x00, 0x00, 0x00, 0x08, 0x00, 0x00, 0x00, 0x04, 0x00, 0x00,
    0x00, 0x00, 0x00, 0x00, 0x00, 0x00, 0x00, 0x00, 0x00, 0x00, 0x00, 0x00, 0x20, 0x00, 0x00, 0x60,
    0x2E, 0x72, 0x64, 0x61, 0x74, 0x61, 0x00, 0x00, 0x48, 0x03, 0x00, 0x00, 0x00, 0x20, 0x00, 0x00,
    0x00, 0x04, 0x00, 0x00, 0x00, 0x0C, 0x00, 0x00, 0x00, 0x00, 0x00, 0x00, 0x00, 0x00, 0x00, 0x00,
    0x00, 0x00, 0x00, 0x00, 0x40, 0x00, 0x00, 0x40, 0x2E, 0x70, 0x64, 0x61, 0x74, 0x61, 0x00, 0x00,
    0x48, 0x00, 0x00, 0x00, 0x00, 0x30, 0x00, 0x00, 0x00, 0x02, 0x00, 0x00, 0x00, 0x10, 0x00, 0x00,
    0x00, 0x00, 0x00, 0x00, 0x00, 0x00, 0x00, 0x00, 0x00, 0x00, 0x00, 0x00, 0x40, 0x00, 0x00, 0x40,
    0x2E, 0x78, 0x64, 0x61, 0x74, 0x61, 0x00, 0x00, 0x30, 0x00, 0x00, 0x00, 0x00, 0x40, 0x00, 0x00,
    0x00, 0x02, 0x00, 0x00, 0x00, 0x12, 0x00, 0x00, 0x00, 0x00, 0x00, 0x00, 0x00, 0x00, 0x00, 0x00,
    0x00, 0x00, 0x00, 0x00, 0x40, 0x00, 0x00, 0x40, 0x2E, 0x69, 0x64, 0x61, 0x74, 0x61, 0x00, 0x00,
    0x88, 0x01, 0x00, 0x00, 0x00, 0x50, 0x00, 0x00, 0x00, 0x02, 0x00, 0x00, 0x00, 0x14, 0x00, 0x00,
    0x00, 0x00, 0x00, 0x00, 0x00, 0x00, 0x00, 0x00, 0x00, 0x00, 0x00, 0x00, 0x40, 0x00, 0x00, 0x40,
    0x00, 0x00, 0x00, 0x00, 0x00, 0x00, 0x00, 0x00, 0x00, 0x00, 0x00, 0x00, 0x00, 0x00, 0x00, 0x00,
    0x00, 0x00, 0x00, 0x00, 0x00, 0x00, 0x00, 0x00, 0x00, 0x00, 0x00, 0x00, 0x00, 0x00, 0x00, 0x00,
    0x00, 0x00, 0x00, 0x00, 0x00, 0x00, 0x00, 0x00, 0x00, 0x00, 0x00, 0x00, 0x00, 0x00, 0x00, 0x00,
    0x00, 0x00, 0x00, 0x00, 0x00, 0x00, 0x00, 0x00, 0x00, 0x00, 0x00, 0x00, 0x00, 0x00, 0x00, 0x00,
    0x00, 0x00, 0x00, 0x00, 0x00, 0x00, 0x00, 0x00, 0x00, 0x00, 0x00, 0x00, 0x00, 0x00, 0x00, 0x00,
    0x00, 0x00, 0x00, 0x00, 0x00, 0x00, 0x00, 0x00, 0x00, 0x00, 0x00, 0x00, 0x00, 0x00, 0x00, 0x00,
    0x00, 0x00, 0x00, 0x00, 0x00, 0x00, 0x00, 0x00, 0x00, 0x00, 0x00, 0x00, 0x00, 0x00, 0x00, 0x00,
    0x00, 0x00, 0x00, 0x00, 0x00, 0x00, 0x00, 0x00, 0x00, 0x00, 0x00, 0x00, 0x00, 0x00, 0x00, 0x00,
    0x00, 0x00, 0x00, 0x00, 0x00, 0x00, 0x00, 0x00, 0x00, 0x00, 0x00, 0x00, 0x00, 0x00, 0x00, 0x00,
    0x00, 0x00, 0x00, 0x00, 0x00, 0x00, 0x00, 0x00, 0x00, 0x00, 0x00, 0x00, 0x00, 0x00, 0x00, 0x00,
    0x00, 0x00, 0x00, 0x00, 0x00, 0x00, 0x00, 0x00, 0x00, 0x00, 0x00, 0x00, 0x00, 0x00, 0x00, 0x00,
    0x00, 0x00, 0x00, 0x00, 0x00, 0x00, 0x00, 0x00, 0x00, 0x00, 0x00, 0x00, 0x00, 0x00, 0x00, 0x00,
    0x00, 0x00, 0x00, 0x00, 0x00, 0x00, 0x00, 0x00, 0x00, 0x00, 0x00, 0x00, 0x00, 0x00, 0x00, 0x00,
    0x00, 0x00, 0x00, 0x00, 0x00, 0x00, 0x00, 0x00, 0x00, 0x00, 0x00, 0x00, 0x00, 0x00, 0x00, 0x00,
    0x00, 0x00, 0x00, 0x00, 0x00, 0x00, 0x00, 0x00, 0x00, 0x00, 0x00, 0x00, 0x00, 0x00, 0x00, 0x00,
    0x00, 0x00, 0x00, 0x00, 0x00, 0x00, 0x00, 0x00, 0x00, 0x00, 0x00, 0x00, 0x00, 0x00, 0x00, 0x00,
    0x00, 0x00, 0x00, 0x00, 0x00, 0x00, 0x00, 0x00, 0x00, 0x00, 0x00, 0x00, 0x00, 0x00, 0x00, 0x00,
    0x00, 0x00, 0x00, 0x00, 0x00, 0x00, 0x00, 0x00, 0x00, 0x00, 0x00, 0x00, 0x00, 0x00, 0x00, 0x00,
    0x00, 0x00, 0x00, 0x00, 0x00, 0x00, 0x00, 0x00, 0x00, 0x00, 0x00, 0x00, 0x00, 0x00, 0x00, 0x00,
    0x00, 0x00, 0x00, 0x00, 0x00, 0x00, 0x00, 0x00, 0x00, 0x00, 0x00, 0x00, 0x00, 0x00, 0x00, 0x00,
    0x00, 0x00, 0x00, 0x00, 0x00, 0x00, 0x00, 0x00, 0x00, 0x00, 0x00, 0x00, 0x00, 0x00, 0x00, 0x00,
    0x00, 0x00, 0x00, 0x00, 0x00, 0x00, 0x00, 0x00, 0x00, 0x00, 0x00, 0x00, 0x00, 0x00, 0x00, 0x00,
    0x00, 0x00, 0x00, 0x00, 0x00, 0x00, 0x00, 0x00, 0x00, 0x00, 0x00, 0x00, 0x00, 0x00, 0x00, 0x00,
    0x00, 0x00, 0x00, 0x00, 0x00, 0x00, 0x00, 0x00, 0x00, 0x00, 0x00, 0x00, 0x00, 0x00, 0x00, 0x00,
    0x00, 0x00, 0x00, 0x00, 0x00, 0x00, 0x00, 0x00, 0x00, 0x00, 0x00, 0x00, 0x00, 0x00, 0x00, 0x00,
    0x00, 0x00, 0x00, 0x00, 0x00, 0x00, 0x00, 0x00, 0x00, 0x00, 0x00, 0x00, 0x00, 0x00, 0x00, 0x00,
    0x00, 0x00, 0x00, 0x00, 0x00, 0x00, 0x00, 0x00, 0x00, 0x00, 0x00, 0x00, 0x00, 0x00, 0x00, 0x00,
    0x48, 0x81, 0xEC, 0x88, 0x00, 0x00, 0x00, 0xB9, 0xF5, 0xFF, 0xFF, 0xFF, 0xFF, 0x15, 0x7E, 0x40,
    0x00, 0x00, 0x48, 0x89, 0x84, 0x24, 0x80, 0x00, 0x00, 0x00, 0x48, 0x8B, 0x8C, 0x24, 0x80, 0x00,
    0x00, 0x00, 0x48, 0x8D, 0x15, 0xD7, 0x0F, 0x00, 0x00, 0xE8, 0xF2, 0x03, 0x00, 0x00, 0x48, 0x8B,
    0x8C, 0x24, 0x80, 0x00, 0x00, 0x00, 0x48, 0x8D, 0x15, 0x06, 0x10, 0x00, 0x00, 0xE8, 0xDE, 0x03,
    0x00, 0x00, 0x48, 0x8B, 0x8C, 0x24, 0x80, 0x00, 0x00, 0x00, 0x48, 0x8D, 0x15, 0xAF, 0x0F, 0x00,
    0x00, 0xE8, 0xCA, 0x03, 0x00, 0x00, 0xE8, 0x45, 0x04, 0x00, 0x00, 0x48, 0x89, 0x44, 0x24, 0x78,
    0xE8, 0x5B, 0x04, 0x00, 0x00, 0x48, 0x89, 0x44, 0x24, 0x70, 0x48, 0x8B, 0x8C, 0x24, 0x80, 0x00,
    0x00, 0x00, 0x48, 0x8D, 0x15, 0x0D, 0x10, 0x00, 0x00, 0xE8, 0xA2, 0x03, 0x00, 0x00, 0x48, 0x8B,
    0x8C, 0x24, 0x80, 0x00, 0x00, 0x00, 0x48, 0x8B, 0x54, 0x24, 0x78, 0xE8, 0x50, 0x04, 0x00, 0x00,
    0x48, 0x8B, 0x8C, 0x24, 0x80, 0x00, 0x00, 0x00, 0x48, 0x8D, 0x15, 0x0C, 0x10, 0x00, 0x00, 0xE8,
    0x7C, 0x03, 0x00, 0x00, 0x48, 0x8B, 0x8C, 0x24, 0x80, 0x00, 0x00, 0x00, 0x48, 0x8D, 0x15, 0xFB,
    0x0F, 0x00, 0x00, 0xE8, 0x68, 0x03, 0x00, 0x00, 0x48, 0x8B, 0x8C, 0x24, 0x80, 0x00, 0x00, 0x00,
    0x48, 0x8B, 0x54, 0x24, 0x70, 0xE8, 0x16, 0x04, 0x00, 0x00, 0x48, 0x8B, 0x8C, 0x24, 0x80, 0x00,
    0x00, 0x00, 0x48, 0x8D, 0x15, 0xD2, 0x0F, 0x00, 0x00, 0xE8, 0x42, 0x03, 0x00, 0x00, 0x48, 0xC7,
    0x44, 0x24, 0x68, 0x00, 0x00, 0x00, 0x00, 0x48, 0x83, 0x7C, 0x24, 0x70, 0x00, 0x74, 0x0E, 0x48,
    0x8B, 0x44, 0x24, 0x70, 0x48, 0x8B, 0x40, 0x10, 0x48, 0x89, 0x44, 0x24, 0x68, 0x48, 0x8B, 0x8C,
    0x24, 0x80, 0x00, 0x00, 0x00, 0x48, 0x8D, 0x15, 0xC7, 0x0F, 0x00, 0x00, 0xE8, 0x0F, 0x03, 0x00,
    0x00, 0x48, 0x8B, 0x8C, 0x24, 0x80, 0x00, 0x00, 0x00, 0x48, 0x8B, 0x54, 0x24, 0x68, 0xE8, 0xBD,
    0x03, 0x00, 0x00, 0x48, 0x8B, 0x8C, 0x24, 0x80, 0x00, 0x00, 0x00, 0x48, 0x8D, 0x15, 0x79, 0x0F,
    0x00, 0x00, 0xE8, 0xE9, 0x02, 0x00, 0x00, 0x48, 0x8B, 0x8C, 0x24, 0x80, 0x00, 0x00, 0x00, 0x48,
    0x8D, 0x15, 0xB6, 0x0F, 0x00, 0x00, 0xE8, 0xD5, 0x02, 0x00, 0x00, 0x48, 0xC7, 0x44, 0x24, 0x60,
    0x00, 0x40, 0x00, 0x00, 0x48, 0x8B, 0x54, 0x24, 0x60, 0x31, 0xC0, 0x89, 0xC1, 0x41, 0xB8, 0x00,
    0x30, 0x00, 0x00, 0x41, 0xB9, 0x04, 0x00, 0x00, 0x00, 0xFF, 0x15, 0x39, 0x3F, 0x00, 0x00, 0x48,
    0x89, 0x44, 0x24, 0x58, 0x48, 0x83, 0x7C, 0x24, 0x58, 0x00, 0x0F, 0x84, 0x02, 0x01, 0x00, 0x00,
    0x48, 0x8B, 0x8C, 0x24, 0x80, 0x00, 0x00, 0x00, 0x48, 0x8D, 0x15, 0xA7, 0x0F, 0x00, 0x00, 0xE8,
    0x8C, 0x02, 0x00, 0x00, 0x48, 0x8B, 0x8C, 0x24, 0x80, 0x00, 0x00, 0x00, 0x48, 0x8B, 0x54, 0x24,
    0x58, 0xE8, 0x3A, 0x03, 0x00, 0x00, 0x48, 0x8B, 0x8C, 0x24, 0x80, 0x00, 0x00, 0x00, 0x48, 0x8D,
    0x15, 0xF6, 0x0E, 0x00, 0x00, 0xE8, 0x66, 0x02, 0x00, 0x00, 0x48, 0xC7, 0x44, 0x24, 0x50, 0x00,
    0x00, 0x00, 0x00, 0x48, 0xC7, 0x44, 0x24, 0x48, 0x00, 0x00, 0x00, 0x00, 0x48, 0x8B, 0x44, 0x24,
    0x48, 0x48, 0x3B, 0x44, 0x24, 0x60, 0x73, 0x44, 0x48, 0x6B, 0x44, 0x24, 0x48, 0x25, 0x48, 0x83,
    0xC0, 0x65, 0x48, 0x25, 0xFF, 0x00, 0x00, 0x00, 0x88, 0x44, 0x24, 0x47, 0x8A, 0x54, 0x24, 0x47,
    0x48, 0x8B, 0x44, 0x24, 0x58, 0x48, 0x8B, 0x4C, 0x24, 0x48, 0x88, 0x14, 0x08, 0x0F, 0xB6, 0x44,
    0x24, 0x47, 0x48, 0x03, 0x44, 0x24, 0x50, 0x48, 0x89, 0x44, 0x24, 0x50, 0x48, 0x8B, 0x44, 0x24,
    0x48, 0x48, 0x83, 0xC0, 0x01, 0x48, 0x89, 0x44, 0x24, 0x48, 0xEB, 0xB0, 0x48, 0x8B, 0x8C, 0x24,
    0x80, 0x00, 0x00, 0x00, 0x48, 0x8D, 0x15, 0x32, 0x0F, 0x00, 0x00, 0xE8, 0xF0, 0x01, 0x00, 0x00,
    0x48, 0x8B, 0x8C, 0x24, 0x80, 0x00, 0x00, 0x00, 0x48, 0x8B, 0x54, 0x24, 0x50, 0xE8, 0x9E, 0x02,
    0x00, 0x00, 0x48, 0x8B, 0x8C, 0x24, 0x80, 0x00, 0x00, 0x00, 0x48, 0x8D, 0x15, 0x5A, 0x0E, 0x00,
    0x00, 0xE8, 0xCA, 0x01, 0x00, 0x00, 0x48, 0x8B, 0x4C, 0x24, 0x58, 0x48, 0x8B, 0x54, 0x24, 0x60,
    0x41, 0xB8, 0x00, 0x80, 0x00, 0x00, 0xFF, 0x15, 0x44, 0x3E, 0x00, 0x00, 0x48, 0x8B, 0x8C, 0x24,
    0x80, 0x00, 0x00, 0x00, 0x48, 0x8D, 0x15, 0x09, 0x0F, 0x00, 0x00, 0xE8, 0xA0, 0x01, 0x00, 0x00,
    0xEB, 0x14, 0x48, 0x8B, 0x8C, 0x24, 0x80, 0x00, 0x00, 0x00, 0x48, 0x8D, 0x15, 0x2F, 0x0F, 0x00,
    0x00, 0xE8, 0x8A, 0x01, 0x00, 0x00, 0x48, 0x8B, 0x8C, 0x24, 0x80, 0x00, 0x00, 0x00, 0x48, 0x8D,
    0x15, 0x3D, 0x0F, 0x00, 0x00, 0xE8, 0x76, 0x01, 0x00, 0x00, 0xB9, 0x37, 0x13, 0x00, 0x00, 0xFF,
    0x15, 0xEB, 0x3D, 0x00, 0x00, 0xFF, 0x15, 0xCD, 0x3D, 0x00, 0x00, 0x89, 0x44, 0x24, 0x40, 0x48,
    0x8B, 0x8C, 0x24, 0x80, 0x00, 0x00, 0x00, 0x48, 0x8D, 0x15, 0x55, 0x0F, 0x00, 0x00, 0xE8, 0x4D,
    0x01, 0x00, 0x00, 0x48, 0x8B, 0x8C, 0x24, 0x80, 0x00, 0x00, 0x00, 0x8B, 0x44, 0x24, 0x40, 0x89,
    0xC2, 0xE8, 0xFA, 0x01, 0x00, 0x00, 0x48, 0x8B, 0x8C, 0x24, 0x80, 0x00, 0x00, 0x00, 0x44, 0x8B,
    0x44, 0x24, 0x40, 0x48, 0x8D, 0x15, 0x5E, 0x0F, 0x00, 0x00, 0x48, 0x8D, 0x05, 0x49, 0x0F, 0x00,
    0x00, 0x41, 0x81, 0xF8, 0x37, 0x13, 0x00, 0x00, 0x48, 0x0F, 0x44, 0xD0, 0xE8, 0x0F, 0x01, 0x00,
    0x00, 0xFF, 0x15, 0x69, 0x3D, 0x00, 0x00, 0x48, 0x89, 0x44, 0x24, 0x38, 0x48, 0x8B, 0x8C, 0x24,
    0x80, 0x00, 0x00, 0x00, 0x48, 0x8D, 0x15, 0x3B, 0x0F, 0x00, 0x00, 0xE8, 0xF0, 0x00, 0x00, 0x00,
    0x48, 0x8B, 0x84, 0x24, 0x80, 0x00, 0x00, 0x00, 0x48, 0x89, 0x44, 0x24, 0x28, 0x48, 0x83, 0x7C,
    0x24, 0x38, 0x00, 0x74, 0x0C, 0x48, 0x8B, 0x44, 0x24, 0x38, 0x48, 0x89, 0x44, 0x24, 0x20, 0xEB,
    0x0E, 0x48, 0x8D, 0x05, 0x37, 0x0F, 0x00, 0x00, 0x48, 0x89, 0x44, 0x24, 0x20, 0xEB, 0x00, 0x48,
    0x8B, 0x4C, 0x24, 0x28, 0x48, 0x8B, 0x54, 0x24, 0x20, 0xE8, 0xB2, 0x00, 0x00, 0x00, 0x48, 0x8B,
    0x8C, 0x24, 0x80, 0x00, 0x00, 0x00, 0x48, 0x8D, 0x15, 0x19, 0x0F, 0x00, 0x00, 0xE8, 0x9E, 0x00,
    0x00, 0x00, 0xFF, 0x15, 0x10, 0x3D, 0x00, 0x00, 0x48, 0x89, 0x44, 0x24, 0x30, 0x48, 0x8B, 0x8C,
    0x24, 0x80, 0x00, 0x00, 0x00, 0x48, 0x8D, 0x15, 0xFE, 0x0E, 0x00, 0x00, 0xE8, 0x7F, 0x00, 0x00,
    0x00, 0x48, 0x8B, 0x8C, 0x24, 0x80, 0x00, 0x00, 0x00, 0x48, 0x8B, 0x54, 0x24, 0x30, 0xE8, 0xCD,
    0x01, 0x00, 0x00, 0x48, 0x8B, 0x8C, 0x24, 0x80, 0x00, 0x00, 0x00, 0x48, 0x8D, 0x15, 0xFF, 0x0E,
    0x00, 0x00, 0xE8, 0x59, 0x00, 0x00, 0x00, 0x48, 0x8B, 0x8C, 0x24, 0x80, 0x00, 0x00, 0x00, 0x48,
    0x8D, 0x15, 0x2A, 0x0C, 0x00, 0x00, 0xE8, 0x45, 0x00, 0x00, 0x00, 0x48, 0x8B, 0x8C, 0x24, 0x80,
    0x00, 0x00, 0x00, 0x48, 0x8D, 0x15, 0xDD, 0x0E, 0x00, 0x00, 0xE8, 0x31, 0x00, 0x00, 0x00, 0x48,
    0x8B, 0x8C, 0x24, 0x80, 0x00, 0x00, 0x00, 0x48, 0x8D, 0x15, 0x02, 0x0C, 0x00, 0x00, 0xE8, 0x1D,
    0x00, 0x00, 0x00, 0xB9, 0x2A, 0x00, 0x00, 0x00, 0xFF, 0x15, 0x6A, 0x3C, 0x00, 0x00, 0x90, 0x48,
    0x81, 0xC4, 0x88, 0x00, 0x00, 0x00, 0xC3, 0x66, 0x0F, 0x1F, 0x84, 0x00, 0x00, 0x00, 0x00, 0x00,
    0x48, 0x83, 0xEC, 0x48, 0x48, 0x89, 0x4C, 0x24, 0x40, 0x48, 0x89, 0x54, 0x24, 0x38, 0x48, 0x83,
    0x7C, 0x24, 0x38, 0x00, 0x74, 0x08, 0x48, 0x83, 0x7C, 0x24, 0x40, 0x00, 0x75, 0x02, 0xEB, 0x55,
    0xC7, 0x44, 0x24, 0x34, 0x00, 0x00, 0x00, 0x00, 0x48, 0x8B, 0x44, 0x24, 0x38, 0x8B, 0x4C, 0x24,
    0x34, 0x0F, 0xBE, 0x04, 0x08, 0x83, 0xF8, 0x00, 0x74, 0x0D, 0x8B, 0x44, 0x24, 0x34, 0x83, 0xC0,
    0x01, 0x89, 0x44, 0x24, 0x34, 0xEB, 0xE1, 0xC7, 0x44, 0x24, 0x30, 0x00, 0x00, 0x00, 0x00, 0x48,
    0x8B, 0x4C, 0x24, 0x40, 0x48, 0x8B, 0x54, 0x24, 0x38, 0x44, 0x8B, 0x44, 0x24, 0x34, 0x4C, 0x8D,
    0x4C, 0x24, 0x30, 0x31, 0xC0, 0x48, 0xC7, 0x44, 0x24, 0x20, 0x00, 0x00, 0x00, 0x00, 0xFF, 0x15,
    0x24, 0x3C, 0x00, 0x00, 0x90, 0x48, 0x83, 0xC4, 0x48, 0xC3, 0x66, 0x0F, 0x1F, 0x44, 0x00, 0x00,
    0x50, 0x65, 0x48, 0x8B, 0x04, 0x25, 0x30, 0x00, 0x00, 0x00, 0x48, 0x89, 0x04, 0x24, 0x48, 0x8B,
    0x04, 0x24, 0x59, 0xC3, 0x66, 0x66, 0x66, 0x2E, 0x0F, 0x1F, 0x84, 0x00, 0x00, 0x00, 0x00, 0x00,
    0x50, 0x65, 0x48, 0x8B, 0x04, 0x25, 0x60, 0x00, 0x00, 0x00, 0x48, 0x89, 0x04, 0x24, 0x48, 0x8B,
    0x04, 0x24, 0x59, 0xC3, 0x66, 0x66, 0x66, 0x2E, 0x0F, 0x1F, 0x84, 0x00, 0x00, 0x00, 0x00, 0x00,
    0x48, 0x83, 0xEC, 0x78, 0x48, 0x89, 0x4C, 0x24, 0x70, 0x48, 0x89, 0x54, 0x24, 0x68, 0x48, 0x8B,
    0x05, 0x1B, 0x0E, 0x00, 0x00, 0x48, 0x89, 0x44, 0x24, 0x50, 0x48, 0x8B, 0x05, 0x17, 0x0E, 0x00,
    0x00, 0x48, 0x89, 0x44, 0x24, 0x58, 0x8A, 0x05, 0x14, 0x0E, 0x00, 0x00, 0x88, 0x44, 0x24, 0x60,
    0xC6, 0x44, 0x24, 0x30, 0x30, 0xC6, 0x44, 0x24, 0x31, 0x78, 0xC7, 0x44, 0x24, 0x2C, 0x0F, 0x00,
    0x00, 0x00, 0x83, 0x7C, 0x24, 0x2C, 0x00, 0x7C, 0x38, 0x48, 0x8B, 0x44, 0x24, 0x68, 0x8B, 0x4C,
    0x24, 0x2C, 0xC1, 0xE1, 0x02, 0x89, 0xC9, 0x48, 0xD3, 0xE8, 0x48, 0x83, 0xE0, 0x0F, 0x8A, 0x4C,
    0x04, 0x50, 0xB8, 0x0F, 0x00, 0x00, 0x00, 0x2B, 0x44, 0x24, 0x2C, 0x83, 0xC0, 0x02, 0x48, 0x98,
    0x88, 0x4C, 0x04, 0x30, 0x8B, 0x44, 0x24, 0x2C, 0x83, 0xC0, 0xFF, 0x89, 0x44, 0x24, 0x2C, 0xEB,
    0xC1, 0xC6, 0x44, 0x24, 0x42, 0x00, 0x48, 0x8B, 0x4C, 0x24, 0x70, 0x48, 0x8D, 0x54, 0x24, 0x30,
    0xE8, 0xAB, 0xFE, 0xFF, 0xFF, 0x90, 0x48, 0x83, 0xC4, 0x78, 0xC3, 0x0F, 0x1F, 0x44, 0x00, 0x00,
    0x48, 0x83, 0xEC, 0x68, 0x48, 0x89, 0x4C, 0x24, 0x60, 0x48, 0x89, 0x54, 0x24, 0x58, 0x48, 0x83,
    0x7C, 0x24, 0x58, 0x00, 0x75, 0x16, 0x48, 0x8B, 0x4C, 0x24, 0x60, 0x48, 0x8D, 0x15, 0x7F, 0x0D,
    0x00, 0x00, 0xE8, 0x79, 0xFE, 0xFF, 0xFF, 0xE9, 0x8B, 0x00, 0x00, 0x00, 0xC7, 0x44, 0x24, 0x2C,
    0x1E, 0x00, 0x00, 0x00, 0xC6, 0x44, 0x24, 0x4F, 0x00, 0x31, 0xC0, 0x48, 0x83, 0x7C, 0x24, 0x58,
    0x00, 0x88, 0x44, 0x24, 0x2B, 0x76, 0x0C, 0x83, 0x7C, 0x24, 0x2C, 0x00, 0x0F, 0x9D, 0xC0, 0x88,
    0x44, 0x24, 0x2B, 0x8A, 0x44, 0x24, 0x2B, 0xA8, 0x01, 0x75, 0x02, 0xEB, 0x3E, 0x48, 0x8B, 0x44,
    0x24, 0x58, 0xB9, 0x0A, 0x00, 0x00, 0x00, 0x31, 0xD2, 0x48, 0xF7, 0xF1, 0x48, 0x83, 0xC2, 0x30,
    0x88, 0xD1, 0x8B, 0x44, 0x24, 0x2C, 0x89, 0xC2, 0x83, 0xC2, 0xFF, 0x89, 0x54, 0x24, 0x2C, 0x48,
    0x98, 0x88, 0x4C, 0x04, 0x30, 0x48, 0x8B, 0x44, 0x24, 0x58, 0xB9, 0x0A, 0x00, 0x00, 0x00, 0x31,
    0xD2, 0x48, 0xF7, 0xF1, 0x48, 0x89, 0x44, 0x24, 0x58, 0xEB, 0x9E, 0x48, 0x8B, 0x4C, 0x24, 0x60,
    0x8B, 0x44, 0x24, 0x2C, 0x83, 0xC0, 0x01, 0x48, 0x98, 0x48, 0x8D, 0x54, 0x24, 0x30, 0x48, 0x01,
    0xC2, 0xE8, 0xEA, 0xFD, 0xFF, 0xFF, 0x90, 0x48, 0x83, 0xC4, 0x68, 0xC3, 0xFF, 0x25, 0x76, 0x3A,
    0x00, 0x00, 0x90, 0x90, 0xFF, 0x25, 0x66, 0x3A, 0x00, 0x00, 0x90, 0x90, 0xFF, 0x25, 0x56, 0x3A,
    0x00, 0x00, 0x90, 0x90, 0xFF, 0x25, 0x46, 0x3A, 0x00, 0x00, 0x90, 0x90, 0xFF, 0x25, 0x36, 0x3A,
    0x00, 0x00, 0x90, 0x90, 0xFF, 0x25, 0x26, 0x3A, 0x00, 0x00, 0x90, 0x90, 0xFF, 0x25, 0x16, 0x3A,
    0x00, 0x00, 0x90, 0x90, 0xFF, 0x25, 0x06, 0x3A, 0x00, 0x00, 0x90, 0x90, 0xFF, 0x25, 0xF6, 0x39,
    0x00, 0x00, 0x90, 0x90, 0x66, 0x2E, 0x0F, 0x1F, 0x84, 0x00, 0x00, 0x00, 0x00, 0x00, 0x66, 0x90,
    0x00, 0x00, 0x00, 0x00, 0x00, 0x00, 0x00, 0x00, 0x00, 0x00, 0x00, 0x00, 0x00, 0x00, 0x00, 0x00,
    0x00, 0x00, 0x00, 0x00, 0x00, 0x00, 0x00, 0x00, 0x00, 0x00, 0x00, 0x00, 0x00, 0x00, 0x00, 0x00,
    0x00, 0x00, 0x00, 0x00, 0x00, 0x00, 0x00, 0x00, 0x00, 0x00, 0x00, 0x00, 0x00, 0x00, 0x00, 0x00,
    0x00, 0x00, 0x00, 0x00, 0x00, 0x00, 0x00, 0x00, 0x00, 0x00, 0x00, 0x00, 0x00, 0x00, 0x00, 0x00,
    0x00, 0x00, 0x00, 0x00, 0x00, 0x00, 0x00, 0x00, 0x00, 0x00, 0x00, 0x00, 0x00, 0x00, 0x00, 0x00,
    0x00, 0x00, 0x00, 0x00, 0x00, 0x00, 0x00, 0x00, 0x00, 0x00, 0x00, 0x00, 0x00, 0x00, 0x00, 0x00,
    0x00, 0x00, 0x00, 0x00, 0x00, 0x00, 0x00, 0x00, 0x00, 0x00, 0x00, 0x00, 0x00, 0x00, 0x00, 0x00,
    0x00, 0x00, 0x00, 0x00, 0x00, 0x00, 0x00, 0x00, 0x00, 0x00, 0x00, 0x00, 0x00, 0x00, 0x00, 0x00,
    0x00, 0x00, 0x00, 0x00, 0x00, 0x00, 0x00, 0x00, 0x00, 0x00, 0x00, 0x00, 0x00, 0x00, 0x00, 0x00,
    0x00, 0x00, 0x00, 0x00, 0x00, 0x00, 0x00, 0x00, 0x00, 0x00, 0x00, 0x00, 0x00, 0x00, 0x00, 0x00,
    0x00, 0x00, 0x00, 0x00, 0x00, 0x00, 0x00, 0x00, 0x00, 0x00, 0x00, 0x00, 0x00, 0x00, 0x00, 0x00,
    0x00, 0x00, 0x00, 0x00, 0x00, 0x00, 0x00, 0x00, 0x00, 0x00, 0x00, 0x00, 0x00, 0x00, 0x00, 0x00,
    0x00, 0x00, 0x00, 0x00, 0x00, 0x00, 0x00, 0x00, 0x00, 0x00, 0x00, 0x00, 0x00, 0x00, 0x00, 0x00,
    0x00, 0x00, 0x00, 0x00, 0x00, 0x00, 0x00, 0x00, 0x00, 0x00, 0x00, 0x00, 0x00, 0x00, 0x00, 0x00,
    0x00, 0x00, 0x00, 0x00, 0x00, 0x00, 0x00, 0x00, 0x00, 0x00, 0x00, 0x00, 0x00, 0x00, 0x00, 0x00,
    0x00, 0x00, 0x00, 0x00, 0x00, 0x00, 0x00, 0x00, 0x00, 0x00, 0x00, 0x00, 0x00, 0x00, 0x00, 0x00,
    0x00, 0x00, 0x00, 0x00, 0x00, 0x00, 0x00, 0x00, 0x00, 0x00, 0x00, 0x00, 0x00, 0x00, 0x00, 0x00,
    0x00, 0x00, 0x00, 0x00, 0x00, 0x00, 0x00, 0x00, 0x00, 0x00, 0x00, 0x00, 0x00, 0x00, 0x00, 0x00,
    0x00, 0x00, 0x00, 0x00, 0x00, 0x00, 0x00, 0x00, 0x00, 0x00, 0x00, 0x00, 0x00, 0x00, 0x00, 0x00,
    0x00, 0x00, 0x00, 0x00, 0x00, 0x00, 0x00, 0x00, 0x00, 0x00, 0x00, 0x00, 0x00, 0x00, 0x00, 0x00,
    0x00, 0x00, 0x00, 0x00, 0x00, 0x00, 0x00, 0x00, 0x00, 0x00, 0x00, 0x00, 0x00, 0x00, 0x00, 0x00,
    0x00, 0x00, 0x00, 0x00, 0x00, 0x00, 0x00, 0x00, 0x00, 0x00, 0x00, 0x00, 0x00, 0x00, 0x00, 0x00,
    0x00, 0x00, 0x00, 0x00, 0x00, 0x00, 0x00, 0x00, 0x00, 0x00, 0x00, 0x00, 0x00, 0x00, 0x00, 0x00,
    0x3D, 0x3D, 0x3D, 0x3D, 0x3D, 0x3D, 0x3D, 0x3D, 0x3D, 0x3D, 0x3D, 0x3D, 0x3D, 0x3D, 0x3D, 0x3D,
    0x3D, 0x3D, 0x3D, 0x3D, 0x3D, 0x3D, 0x3D, 0x3D, 0x3D, 0x3D, 0x3D, 0x3D, 0x3D, 0x3D, 0x3D, 0x3D,
    0x3D, 0x3D, 0x3D, 0x3D, 0x3D, 0x3D, 0x3D, 0x3D, 0x3D, 0x3D, 0x3D, 0x3D, 0x3D, 0x3D, 0x3D, 0x3D,
    0x3D, 0x3D, 0x3D, 0x3D, 0x3D, 0x3D, 0x3D, 0x3D, 0x3D, 0x3D, 0x3D, 0x3D, 0x3D, 0x3D, 0x3D, 0x3D,
    0x0D, 0x0A, 0x00, 0x20, 0x20, 0x5B, 0x57, 0x49, 0x4E, 0x33, 0x32, 0x20, 0x53, 0x59, 0x53, 0x49,
    0x4E, 0x46, 0x4F, 0x5D, 0x20, 0x57, 0x69, 0x6E, 0x64, 0x6F, 0x77, 0x73, 0x20, 0x78, 0x36, 0x34,
    0x20, 0x52, 0x75, 0x6E, 0x74, 0x69, 0x6D, 0x65, 0x20, 0x26, 0x20, 0x54, 0x45, 0x42, 0x2F, 0x50,
    0x45, 0x42, 0x20, 0x46, 0x6F, 0x72, 0x65, 0x6E, 0x73, 0x69, 0x63, 0x20, 0x41, 0x75, 0x64, 0x69,
    0x74, 0x20, 0x20, 0x0D, 0x0A, 0x00, 0x5B, 0x31, 0x5D, 0x20, 0x54, 0x45, 0x42, 0x20, 0x50, 0x6F,
    0x69, 0x6E, 0x74, 0x65, 0x72, 0x20, 0x28, 0x47, 0x53, 0x3A, 0x5B, 0x30, 0x78, 0x33, 0x30, 0x5D,
    0x29, 0x20, 0x20, 0x20, 0x20, 0x20, 0x20, 0x20, 0x3A, 0x20, 0x00, 0x0D, 0x0A, 0x00, 0x5B, 0x32,
    0x5D, 0x20, 0x50, 0x45, 0x42, 0x20, 0x50, 0x6F, 0x69, 0x6E, 0x74, 0x65, 0x72, 0x20, 0x28, 0x47,
    0x53, 0x3A, 0x5B, 0x30, 0x78, 0x36, 0x30, 0x5D, 0x29, 0x20, 0x20, 0x20, 0x20, 0x20, 0x20, 0x20,
    0x3A, 0x20, 0x00, 0x5B, 0x33, 0x5D, 0x20, 0x50, 0x45, 0x42, 0x2E, 0x49, 0x6D, 0x61, 0x67, 0x65,
    0x42, 0x61, 0x73, 0x65, 0x41, 0x64, 0x64, 0x72, 0x65, 0x73, 0x73, 0x20, 0x28, 0x6F, 0x66, 0x66,
    0x73, 0x65, 0x74, 0x20, 0x30, 0x78, 0x31, 0x30, 0x29, 0x3A, 0x20, 0x00, 0x5B, 0x34, 0x5D, 0x20,
    0x41, 0x6C, 0x6C, 0x6F, 0x63, 0x61, 0x74, 0x69, 0x6E, 0x67, 0x20, 0x31, 0x36, 0x20, 0x4B, 0x42,
    0x20, 0x76, 0x69, 0x72, 0x74, 0x75, 0x61, 0x6C, 0x20, 0x6D, 0x65, 0x6D, 0x6F, 0x72, 0x79, 0x20,
    0x76, 0x69, 0x61, 0x20, 0x56, 0x69, 0x72, 0x74, 0x75, 0x61, 0x6C, 0x41, 0x6C, 0x6C, 0x6F, 0x63,
    0x2E, 0x2E, 0x2E, 0x0D, 0x0A, 0x00, 0x20, 0x20, 0x20, 0x20, 0x41, 0x6C, 0x6C, 0x6F, 0x63, 0x61,
    0x74, 0x65, 0x64, 0x20, 0x61, 0x64, 0x64, 0x72, 0x65, 0x73, 0x73, 0x20, 0x20, 0x20, 0x20, 0x20,
    0x20, 0x20, 0x20, 0x20, 0x20, 0x20, 0x20, 0x20, 0x20, 0x20, 0x3A, 0x20, 0x00, 0x20, 0x20, 0x20,
    0x20, 0x50, 0x61, 0x74, 0x74, 0x65, 0x72, 0x6E, 0x20, 0x77, 0x72, 0x69, 0x74, 0x65, 0x20, 0x76,
    0x65, 0x72, 0x69, 0x66, 0x69, 0x65, 0x64, 0x2E, 0x20, 0x43, 0x68, 0x65, 0x63, 0x6B, 0x73, 0x75,
    0x6D, 0x3A, 0x20, 0x00, 0x20, 0x20, 0x20, 0x20, 0x56, 0x69, 0x72, 0x74, 0x75, 0x61, 0x6C, 0x20,
    0x6D, 0x65, 0x6D, 0x6F, 0x72, 0x79, 0x20, 0x73, 0x75, 0x63, 0x63, 0x65, 0x73, 0x73, 0x66, 0x75,
    0x6C, 0x6C, 0x79, 0x20, 0x72, 0x65, 0x6C, 0x65, 0x61, 0x73, 0x65, 0x64, 0x20, 0x76, 0x69, 0x61,
    0x20, 0x56, 0x69, 0x72, 0x74, 0x75, 0x61, 0x6C, 0x46, 0x72, 0x65, 0x65, 0x2E, 0x0D, 0x0A, 0x00,
    0x20, 0x20, 0x20, 0x20, 0x45, 0x72, 0x72, 0x6F, 0x72, 0x3A, 0x20, 0x56, 0x69, 0x72, 0x74, 0x75,
    0x61, 0x6C, 0x41, 0x6C, 0x6C, 0x6F, 0x63, 0x20, 0x66, 0x61, 0x69, 0x6C, 0x65, 0x64, 0x21, 0x0D,
    0x0A, 0x00, 0x5B, 0x35, 0x5D, 0x20, 0x54, 0x65, 0x73, 0x74, 0x69, 0x6E, 0x67, 0x20, 0x57, 0x69,
    0x6E, 0x33, 0x32, 0x20, 0x45, 0x72, 0x72, 0x6F, 0x72, 0x20, 0x43, 0x6F, 0x64, 0x65, 0x20, 0x44,
    0x69, 0x73, 0x70, 0x61, 0x74, 0x63, 0x68, 0x3A, 0x20, 0x53, 0x65, 0x74, 0x4C, 0x61, 0x73, 0x74,
    0x45, 0x72, 0x72, 0x6F, 0x72, 0x28, 0x30, 0x78, 0x31, 0x33, 0x33, 0x37, 0x29, 0x2E, 0x2E, 0x2E,
    0x0D, 0x0A, 0x00, 0x20, 0x20, 0x20, 0x20, 0x47, 0x65, 0x74, 0x4C, 0x61, 0x73, 0x74, 0x45, 0x72,
    0x72, 0x6F, 0x72, 0x28, 0x29, 0x20, 0x72, 0x65, 0x74, 0x75, 0x72, 0x6E, 0x65, 0x64, 0x20, 0x20,
    0x20, 0x20, 0x20, 0x20, 0x20, 0x20, 0x20, 0x3A, 0x20, 0x00, 0x20, 0x5B, 0x4D, 0x41, 0x54, 0x43,
    0x48, 0x20, 0x4F, 0x4B, 0x5D, 0x0D, 0x0A, 0x00, 0x20, 0x5B, 0x4D, 0x49, 0x53, 0x4D, 0x41, 0x54,
    0x43, 0x48, 0x5D, 0x0D, 0x0A, 0x00, 0x5B, 0x36, 0x5D, 0x20, 0x47, 0x65, 0x74, 0x43, 0x6F, 0x6D,
    0x6D, 0x61, 0x6E, 0x64, 0x4C, 0x69, 0x6E, 0x65, 0x41, 0x28, 0x29, 0x20, 0x72, 0x65, 0x74, 0x75,
    0x72, 0x6E, 0x65, 0x64, 0x20, 0x20, 0x20, 0x20, 0x20, 0x20, 0x20, 0x3A, 0x20, 0x22, 0x00, 0x28,
    0x6E, 0x75, 0x6C, 0x6C, 0x29, 0x00, 0x22, 0x0D, 0x0A, 0x00, 0x5B, 0x37, 0x5D, 0x20, 0x53, 0x79,
    0x73, 0x74, 0x65, 0x6D, 0x20, 0x55, 0x70, 0x74, 0x69, 0x6D, 0x65, 0x20, 0x28, 0x47, 0x65, 0x74,
    0x54, 0x69, 0x63, 0x6B, 0x43, 0x6F, 0x75, 0x6E, 0x74, 0x36, 0x34, 0x29, 0x20, 0x20, 0x3A, 0x20,
    0x00, 0x20, 0x6D, 0x73, 0x0D, 0x0A, 0x00, 0x5B, 0x57, 0x49, 0x4E, 0x33, 0x32, 0x20, 0x53, 0x59,
    0x53, 0x49, 0x4E, 0x46, 0x4F, 0x5D, 0x20, 0x46, 0x6F, 0x72, 0x65, 0x6E, 0x73, 0x69, 0x63, 0x20,
    0x41, 0x75, 0x64, 0x69, 0x74, 0x20, 0x43, 0x4F, 0x4D, 0x50, 0x4C, 0x45, 0x54, 0x45, 0x2E, 0x20,
    0x45, 0x78, 0x69, 0x74, 0x69, 0x6E, 0x67, 0x20, 0x77, 0x69, 0x74, 0x68, 0x20, 0x63, 0x6F, 0x64,
    0x65, 0x20, 0x34, 0x32, 0x2E, 0x2E, 0x2E, 0x0D, 0x0A, 0x00, 0x00, 0x00, 0x00, 0x00, 0x00, 0x00,
    0x30, 0x31, 0x32, 0x33, 0x34, 0x35, 0x36, 0x37, 0x38, 0x39, 0x41, 0x42, 0x43, 0x44, 0x45, 0x46,
    0x00, 0x30, 0x00, 0x00, 0x00, 0x00, 0x00, 0x00, 0xFF, 0xFF, 0xFF, 0xFF, 0xFF, 0xFF, 0xFF, 0xFF,
    0x00, 0x00, 0x00, 0x00, 0x00, 0x00, 0x00, 0x00, 0xFF, 0xFF, 0xFF, 0xFF, 0xFF, 0xFF, 0xFF, 0xFF,
    0x00, 0x00, 0x00, 0x00, 0x00, 0x00, 0x00, 0x00, 0x00, 0x00, 0x00, 0x00, 0x00, 0x00, 0x00, 0x00,
    0x00, 0x00, 0x00, 0x00, 0x00, 0x00, 0x00, 0x00, 0x00, 0x00, 0x00, 0x00, 0x00, 0x00, 0x00, 0x00,
    0x00, 0x00, 0x00, 0x00, 0x00, 0x00, 0x00, 0x00, 0x00, 0x00, 0x00, 0x00, 0x00, 0x00, 0x00, 0x00,
    0x00, 0x00, 0x00, 0x00, 0x00, 0x00, 0x00, 0x00, 0x00, 0x00, 0x00, 0x00, 0x00, 0x00, 0x00, 0x00,
    0x00, 0x00, 0x00, 0x00, 0x00, 0x00, 0x00, 0x00, 0x00, 0x00, 0x00, 0x00, 0x00, 0x00, 0x00, 0x00,
    0x00, 0x00, 0x00, 0x00, 0x00, 0x00, 0x00, 0x00, 0x00, 0x00, 0x00, 0x00, 0x00, 0x00, 0x00, 0x00,
    0x00, 0x00, 0x00, 0x00, 0x00, 0x00, 0x00, 0x00, 0x00, 0x00, 0x00, 0x00, 0x00, 0x00, 0x00, 0x00,
    0x00, 0x00, 0x00, 0x00, 0x00, 0x00, 0x00, 0x00, 0x00, 0x00, 0x00, 0x00, 0x00, 0x00, 0x00, 0x00,
    0x00, 0x00, 0x00, 0x00, 0x00, 0x00, 0x00, 0x00, 0x00, 0x00, 0x00, 0x00, 0x00, 0x00, 0x00, 0x00,
    0x00, 0x00, 0x00, 0x00, 0x00, 0x00, 0x00, 0x00, 0x00, 0x00, 0x00, 0x00, 0x00, 0x00, 0x00, 0x00,
    0x00, 0x00, 0x00, 0x00, 0x00, 0x00, 0x00, 0x00, 0x00, 0x00, 0x00, 0x00, 0x00, 0x00, 0x00, 0x00,
    0x00, 0x00, 0x00, 0x00, 0x00, 0x00, 0x00, 0x00, 0x00, 0x00, 0x00, 0x00, 0x00, 0x00, 0x00, 0x00,
    0x00, 0x10, 0x00, 0x00, 0x17, 0x14, 0x00, 0x00, 0x00, 0x40, 0x00, 0x00, 0x20, 0x14, 0x00, 0x00,
    0x9A, 0x14, 0x00, 0x00, 0x08, 0x40, 0x00, 0x00, 0xA0, 0x14, 0x00, 0x00, 0xB4, 0x14, 0x00, 0x00,
    0x10, 0x40, 0x00, 0x00, 0xC0, 0x14, 0x00, 0x00, 0xD4, 0x14, 0x00, 0x00, 0x18, 0x40, 0x00, 0x00,
    0xE0, 0x14, 0x00, 0x00, 0x7B, 0x15, 0x00, 0x00, 0x20, 0x40, 0x00, 0x00, 0x80, 0x15, 0x00, 0x00,
    0x3C, 0x16, 0x00, 0x00, 0x28, 0x40, 0x00, 0x00, 0x00, 0x00, 0x00, 0x00, 0x00, 0x00, 0x00, 0x00,
    0x00, 0x00, 0x00, 0x00, 0x00, 0x00, 0x00, 0x00, 0x00, 0x00, 0x00, 0x00, 0x00, 0x00, 0x00, 0x00,
    0x00, 0x00, 0x00, 0x00, 0x00, 0x00, 0x00, 0x00, 0x00, 0x00, 0x00, 0x00, 0x00, 0x00, 0x00, 0x00,
    0x00, 0x00, 0x00, 0x00, 0x00, 0x00, 0x00, 0x00, 0x00, 0x00, 0x00, 0x00, 0x00, 0x00, 0x00, 0x00,
    0x00, 0x00, 0x00, 0x00, 0x00, 0x00, 0x00, 0x00, 0x00, 0x00, 0x00, 0x00, 0x00, 0x00, 0x00, 0x00,
    0x00, 0x00, 0x00, 0x00, 0x00, 0x00, 0x00, 0x00, 0x00, 0x00, 0x00, 0x00, 0x00, 0x00, 0x00, 0x00,
    0x00, 0x00, 0x00, 0x00, 0x00, 0x00, 0x00, 0x00, 0x00, 0x00, 0x00, 0x00, 0x00, 0x00, 0x00, 0x00,
    0x00, 0x00, 0x00, 0x00, 0x00, 0x00, 0x00, 0x00, 0x00, 0x00, 0x00, 0x00, 0x00, 0x00, 0x00, 0x00,
    0x00, 0x00, 0x00, 0x00, 0x00, 0x00, 0x00, 0x00, 0x00, 0x00, 0x00, 0x00, 0x00, 0x00, 0x00, 0x00,
    0x00, 0x00, 0x00, 0x00, 0x00, 0x00, 0x00, 0x00, 0x00, 0x00, 0x00, 0x00, 0x00, 0x00, 0x00, 0x00,
    0x00, 0x00, 0x00, 0x00, 0x00, 0x00, 0x00, 0x00, 0x00, 0x00, 0x00, 0x00, 0x00, 0x00, 0x00, 0x00,
    0x00, 0x00, 0x00, 0x00, 0x00, 0x00, 0x00, 0x00, 0x00, 0x00, 0x00, 0x00, 0x00, 0x00, 0x00, 0x00,
    0x00, 0x00, 0x00, 0x00, 0x00, 0x00, 0x00, 0x00, 0x00, 0x00, 0x00, 0x00, 0x00, 0x00, 0x00, 0x00,
    0x00, 0x00, 0x00, 0x00, 0x00, 0x00, 0x00, 0x00, 0x00, 0x00, 0x00, 0x00, 0x00, 0x00, 0x00, 0x00,
    0x00, 0x00, 0x00, 0x00, 0x00, 0x00, 0x00, 0x00, 0x00, 0x00, 0x00, 0x00, 0x00, 0x00, 0x00, 0x00,
    0x00, 0x00, 0x00, 0x00, 0x00, 0x00, 0x00, 0x00, 0x00, 0x00, 0x00, 0x00, 0x00, 0x00, 0x00, 0x00,
    0x00, 0x00, 0x00, 0x00, 0x00, 0x00, 0x00, 0x00, 0x00, 0x00, 0x00, 0x00, 0x00, 0x00, 0x00, 0x00,
    0x00, 0x00, 0x00, 0x00, 0x00, 0x00, 0x00, 0x00, 0x00, 0x00, 0x00, 0x00, 0x00, 0x00, 0x00, 0x00,
    0x00, 0x00, 0x00, 0x00, 0x00, 0x00, 0x00, 0x00, 0x00, 0x00, 0x00, 0x00, 0x00, 0x00, 0x00, 0x00,
    0x00, 0x00, 0x00, 0x00, 0x00, 0x00, 0x00, 0x00, 0x00, 0x00, 0x00, 0x00, 0x00, 0x00, 0x00, 0x00,
    0x00, 0x00, 0x00, 0x00, 0x00, 0x00, 0x00, 0x00, 0x00, 0x00, 0x00, 0x00, 0x00, 0x00, 0x00, 0x00,
    0x00, 0x00, 0x00, 0x00, 0x00, 0x00, 0x00, 0x00, 0x00, 0x00, 0x00, 0x00, 0x00, 0x00, 0x00, 0x00,
    0x00, 0x00, 0x00, 0x00, 0x00, 0x00, 0x00, 0x00, 0x00, 0x00, 0x00, 0x00, 0x00, 0x00, 0x00, 0x00,
    0x00, 0x00, 0x00, 0x00, 0x00, 0x00, 0x00, 0x00, 0x00, 0x00, 0x00, 0x00, 0x00, 0x00, 0x00, 0x00,
    0x00, 0x00, 0x00, 0x00, 0x00, 0x00, 0x00, 0x00, 0x00, 0x00, 0x00, 0x00, 0x00, 0x00, 0x00, 0x00,
    0x00, 0x00, 0x00, 0x00, 0x00, 0x00, 0x00, 0x00, 0x00, 0x00, 0x00, 0x00, 0x00, 0x00, 0x00, 0x00,
    0x00, 0x00, 0x00, 0x00, 0x00, 0x00, 0x00, 0x00, 0x00, 0x00, 0x00, 0x00, 0x00, 0x00, 0x00, 0x00,
    0x00, 0x00, 0x00, 0x00, 0x00, 0x00, 0x00, 0x00, 0x00, 0x00, 0x00, 0x00, 0x00, 0x00, 0x00, 0x00,
    0x01, 0x07, 0x02, 0x00, 0x07, 0x01, 0x11, 0x00, 0x01, 0x04, 0x01, 0x00, 0x04, 0x82, 0x00, 0x00,
    0x01, 0x01, 0x01, 0x00, 0x01, 0x02, 0x00, 0x00, 0x01, 0x01, 0x01, 0x00, 0x01, 0x02, 0x00, 0x00,
    0x01, 0x04, 0x01, 0x00, 0x04, 0xE2, 0x00, 0x00, 0x01, 0x04, 0x01, 0x00, 0x04, 0xC2, 0x00, 0x00,
    0x00, 0x00, 0x00, 0x00, 0x00, 0x00, 0x00, 0x00, 0x00, 0x00, 0x00, 0x00, 0x00, 0x00, 0x00, 0x00,
    0x00, 0x00, 0x00, 0x00, 0x00, 0x00, 0x00, 0x00, 0x00, 0x00, 0x00, 0x00, 0x00, 0x00, 0x00, 0x00,
    0x00, 0x00, 0x00, 0x00, 0x00, 0x00, 0x00, 0x00, 0x00, 0x00, 0x00, 0x00, 0x00, 0x00, 0x00, 0x00,
    0x00, 0x00, 0x00, 0x00, 0x00, 0x00, 0x00, 0x00, 0x00, 0x00, 0x00, 0x00, 0x00, 0x00, 0x00, 0x00,
    0x00, 0x00, 0x00, 0x00, 0x00, 0x00, 0x00, 0x00, 0x00, 0x00, 0x00, 0x00, 0x00, 0x00, 0x00, 0x00,
    0x00, 0x00, 0x00, 0x00, 0x00, 0x00, 0x00, 0x00, 0x00, 0x00, 0x00, 0x00, 0x00, 0x00, 0x00, 0x00,
    0x00, 0x00, 0x00, 0x00, 0x00, 0x00, 0x00, 0x00, 0x00, 0x00, 0x00, 0x00, 0x00, 0x00, 0x00, 0x00,
    0x00, 0x00, 0x00, 0x00, 0x00, 0x00, 0x00, 0x00, 0x00, 0x00, 0x00, 0x00, 0x00, 0x00, 0x00, 0x00,
    0x00, 0x00, 0x00, 0x00, 0x00, 0x00, 0x00, 0x00, 0x00, 0x00, 0x00, 0x00, 0x00, 0x00, 0x00, 0x00,
    0x00, 0x00, 0x00, 0x00, 0x00, 0x00, 0x00, 0x00, 0x00, 0x00, 0x00, 0x00, 0x00, 0x00, 0x00, 0x00,
    0x00, 0x00, 0x00, 0x00, 0x00, 0x00, 0x00, 0x00, 0x00, 0x00, 0x00, 0x00, 0x00, 0x00, 0x00, 0x00,
    0x00, 0x00, 0x00, 0x00, 0x00, 0x00, 0x00, 0x00, 0x00, 0x00, 0x00, 0x00, 0x00, 0x00, 0x00, 0x00,
    0x00, 0x00, 0x00, 0x00, 0x00, 0x00, 0x00, 0x00, 0x00, 0x00, 0x00, 0x00, 0x00, 0x00, 0x00, 0x00,
    0x00, 0x00, 0x00, 0x00, 0x00, 0x00, 0x00, 0x00, 0x00, 0x00, 0x00, 0x00, 0x00, 0x00, 0x00, 0x00,
    0x00, 0x00, 0x00, 0x00, 0x00, 0x00, 0x00, 0x00, 0x00, 0x00, 0x00, 0x00, 0x00, 0x00, 0x00, 0x00,
    0x00, 0x00, 0x00, 0x00, 0x00, 0x00, 0x00, 0x00, 0x00, 0x00, 0x00, 0x00, 0x00, 0x00, 0x00, 0x00,
    0x00, 0x00, 0x00, 0x00, 0x00, 0x00, 0x00, 0x00, 0x00, 0x00, 0x00, 0x00, 0x00, 0x00, 0x00, 0x00,
    0x00, 0x00, 0x00, 0x00, 0x00, 0x00, 0x00, 0x00, 0x00, 0x00, 0x00, 0x00, 0x00, 0x00, 0x00, 0x00,
    0x00, 0x00, 0x00, 0x00, 0x00, 0x00, 0x00, 0x00, 0x00, 0x00, 0x00, 0x00, 0x00, 0x00, 0x00, 0x00,
    0x00, 0x00, 0x00, 0x00, 0x00, 0x00, 0x00, 0x00, 0x00, 0x00, 0x00, 0x00, 0x00, 0x00, 0x00, 0x00,
    0x00, 0x00, 0x00, 0x00, 0x00, 0x00, 0x00, 0x00, 0x00, 0x00, 0x00, 0x00, 0x00, 0x00, 0x00, 0x00,
    0x00, 0x00, 0x00, 0x00, 0x00, 0x00, 0x00, 0x00, 0x00, 0x00, 0x00, 0x00, 0x00, 0x00, 0x00, 0x00,
    0x00, 0x00, 0x00, 0x00, 0x00, 0x00, 0x00, 0x00, 0x00, 0x00, 0x00, 0x00, 0x00, 0x00, 0x00, 0x00,
    0x00, 0x00, 0x00, 0x00, 0x00, 0x00, 0x00, 0x00, 0x00, 0x00, 0x00, 0x00, 0x00, 0x00, 0x00, 0x00,
    0x00, 0x00, 0x00, 0x00, 0x00, 0x00, 0x00, 0x00, 0x00, 0x00, 0x00, 0x00, 0x00, 0x00, 0x00, 0x00,
    0x00, 0x00, 0x00, 0x00, 0x00, 0x00, 0x00, 0x00, 0x00, 0x00, 0x00, 0x00, 0x00, 0x00, 0x00, 0x00,
    0x00, 0x00, 0x00, 0x00, 0x00, 0x00, 0x00, 0x00, 0x00, 0x00, 0x00, 0x00, 0x00, 0x00, 0x00, 0x00,
    0x00, 0x00, 0x00, 0x00, 0x00, 0x00, 0x00, 0x00, 0x00, 0x00, 0x00, 0x00, 0x00, 0x00, 0x00, 0x00,
    0x00, 0x00, 0x00, 0x00, 0x00, 0x00, 0x00, 0x00, 0x00, 0x00, 0x00, 0x00, 0x00, 0x00, 0x00, 0x00,
    0x28, 0x50, 0x00, 0x00, 0x00, 0x00, 0x00, 0x00, 0x00, 0x00, 0x00, 0x00, 0x78, 0x51, 0x00, 0x00,
    0x78, 0x50, 0x00, 0x00, 0x00, 0x00, 0x00, 0x00, 0x00, 0x00, 0x00, 0x00, 0x00, 0x00, 0x00, 0x00,
    0x00, 0x00, 0x00, 0x00, 0x00, 0x00, 0x00, 0x00, 0xC8, 0x50, 0x00, 0x00, 0x00, 0x00, 0x00, 0x00,
    0xD6, 0x50, 0x00, 0x00, 0x00, 0x00, 0x00, 0x00, 0xE8, 0x50, 0x00, 0x00, 0x00, 0x00, 0x00, 0x00,
    0xF8, 0x50, 0x00, 0x00, 0x00, 0x00, 0x00, 0x00, 0x08, 0x51, 0x00, 0x00, 0x00, 0x00, 0x00, 0x00,
    0x1A, 0x51, 0x00, 0x00, 0x00, 0x00, 0x00, 0x00, 0x2A, 0x51, 0x00, 0x00, 0x00, 0x00, 0x00, 0x00,
    0x3A, 0x51, 0x00, 0x00, 0x00, 0x00, 0x00, 0x00, 0x48, 0x51, 0x00, 0x00, 0x00, 0x00, 0x00, 0x00,
    0x00, 0x00, 0x00, 0x00, 0x00, 0x00, 0x00, 0x00, 0xC8, 0x50, 0x00, 0x00, 0x00, 0x00, 0x00, 0x00,
    0xD6, 0x50, 0x00, 0x00, 0x00, 0x00, 0x00, 0x00, 0xE8, 0x50, 0x00, 0x00, 0x00, 0x00, 0x00, 0x00,
    0xF8, 0x50, 0x00, 0x00, 0x00, 0x00, 0x00, 0x00, 0x08, 0x51, 0x00, 0x00, 0x00, 0x00, 0x00, 0x00,
    0x1A, 0x51, 0x00, 0x00, 0x00, 0x00, 0x00, 0x00, 0x2A, 0x51, 0x00, 0x00, 0x00, 0x00, 0x00, 0x00,
    0x3A, 0x51, 0x00, 0x00, 0x00, 0x00, 0x00, 0x00, 0x48, 0x51, 0x00, 0x00, 0x00, 0x00, 0x00, 0x00,
    0x00, 0x00, 0x00, 0x00, 0x00, 0x00, 0x00, 0x00, 0x81, 0x01, 0x45, 0x78, 0x69, 0x74, 0x50, 0x72,
    0x6F, 0x63, 0x65, 0x73, 0x73, 0x00, 0xFB, 0x01, 0x47, 0x65, 0x74, 0x43, 0x6F, 0x6D, 0x6D, 0x61,
    0x6E, 0x64, 0x4C, 0x69, 0x6E, 0x65, 0x41, 0x00, 0x8D, 0x02, 0x47, 0x65, 0x74, 0x4C, 0x61, 0x73,
    0x74, 0x45, 0x72, 0x72, 0x6F, 0x72, 0x00, 0x00, 0x05, 0x03, 0x47, 0x65, 0x74, 0x53, 0x74, 0x64,
    0x48, 0x61, 0x6E, 0x64, 0x6C, 0x65, 0x00, 0x00, 0x3F, 0x03, 0x47, 0x65, 0x74, 0x54, 0x69, 0x63,
    0x6B, 0x43, 0x6F, 0x75, 0x6E, 0x74, 0x36, 0x34, 0x00, 0x00, 0x61, 0x05, 0x53, 0x65, 0x74, 0x4C,
    0x61, 0x73, 0x74, 0x45, 0x72, 0x72, 0x6F, 0x72, 0x00, 0x00, 0xFE, 0x05, 0x56, 0x69, 0x72, 0x74,
    0x75, 0x61, 0x6C, 0x41, 0x6C, 0x6C, 0x6F, 0x63, 0x00, 0x00, 0x01, 0x06, 0x56, 0x69, 0x72, 0x74,
    0x75, 0x61, 0x6C, 0x46, 0x72, 0x65, 0x65, 0x00, 0x4F, 0x06, 0x57, 0x72, 0x69, 0x74, 0x65, 0x46,
    0x69, 0x6C, 0x65, 0x00, 0x00, 0x50, 0x00, 0x00, 0x00, 0x50, 0x00, 0x00, 0x00, 0x50, 0x00, 0x00,
    0x00, 0x50, 0x00, 0x00, 0x00, 0x50, 0x00, 0x00, 0x00, 0x50, 0x00, 0x00, 0x00, 0x50, 0x00, 0x00,
    0x00, 0x50, 0x00, 0x00, 0x00, 0x50, 0x00, 0x00, 0x4B, 0x45, 0x52, 0x4E, 0x45, 0x4C, 0x33, 0x32,
    0x2E, 0x64, 0x6C, 0x6C, 0x00, 0x00, 0x00, 0x00, 0x00, 0x00, 0x00, 0x00, 0x00, 0x00, 0x00, 0x00,
    0x00, 0x00, 0x00, 0x00, 0x00, 0x00, 0x00, 0x00, 0x00, 0x00, 0x00, 0x00, 0x00, 0x00, 0x00, 0x00,
    0x00, 0x00, 0x00, 0x00, 0x00, 0x00, 0x00, 0x00, 0x00, 0x00, 0x00, 0x00, 0x00, 0x00, 0x00, 0x00,
    0x00, 0x00, 0x00, 0x00, 0x00, 0x00, 0x00, 0x00, 0x00, 0x00, 0x00, 0x00, 0x00, 0x00, 0x00, 0x00,
    0x00, 0x00, 0x00, 0x00, 0x00, 0x00, 0x00, 0x00, 0x00, 0x00, 0x00, 0x00, 0x00, 0x00, 0x00, 0x00,
    0x00, 0x00, 0x00, 0x00, 0x00, 0x00, 0x00, 0x00, 0x00, 0x00, 0x00, 0x00, 0x00, 0x00, 0x00, 0x00,
    0x00, 0x00, 0x00, 0x00, 0x00, 0x00, 0x00, 0x00, 0x00, 0x00, 0x00, 0x00, 0x00, 0x00, 0x00, 0x00,
    0x00, 0x00, 0x00, 0x00, 0x00, 0x00, 0x00, 0x00, 0x00, 0x00, 0x00, 0x00, 0x00, 0x00, 0x00, 0x00,
    0x2E, 0x74, 0x65, 0x78, 0x74, 0x00, 0x00, 0x00, 0x00, 0x00, 0x00, 0x00, 0x01, 0x00, 0x00, 0x00,
    0x03, 0x01, 0x3C, 0x06, 0x00, 0x00, 0x50, 0x00, 0x00, 0x00, 0x25, 0x2E, 0xA8, 0xBA, 0x01, 0x00,
    0x00, 0x00, 0x00, 0x00, 0x2E, 0x78, 0x64, 0x61, 0x74, 0x61, 0x00, 0x00, 0x00, 0x00, 0x00, 0x00,
    0x04, 0x00, 0x00, 0x00, 0x03, 0x01, 0x30, 0x00, 0x00, 0x00, 0x00, 0x00, 0x00, 0x00, 0xEC, 0x44,
    0xD4, 0xA1, 0x04, 0x00, 0x00, 0x00, 0x00, 0x00, 0x2E, 0x72, 0x64, 0x61, 0x74, 0x61, 0x00, 0x00,
    0x00, 0x00, 0x00, 0x00, 0x02, 0x00, 0x00, 0x00, 0x03, 0x01, 0x23, 0x03, 0x00, 0x00, 0x00, 0x00,
    0x00, 0x00, 0xFD, 0x01, 0x2D, 0xA0, 0x05, 0x00, 0x00, 0x00, 0x00, 0x00, 0x2E, 0x70, 0x64, 0x61,
    0x74, 0x61, 0x00, 0x00, 0x00, 0x00, 0x00, 0x00, 0x03, 0x00, 0x00, 0x00, 0x03, 0x01, 0x48, 0x00,
    0x00, 0x00, 0x12, 0x00, 0x00, 0x00, 0x93, 0xD7, 0x99, 0x84, 0x07, 0x00, 0x00, 0x00, 0x00, 0x00,
    0x40, 0x66, 0x65, 0x61, 0x74, 0x2E, 0x30, 0x30, 0x00, 0x00, 0x00, 0x00, 0xFF, 0xFF, 0x00, 0x00,
    0x03, 0x00, 0x00, 0x00, 0x00, 0x00, 0x04, 0x00, 0x00, 0x00, 0x00, 0x00, 0x00, 0x00, 0x01, 0x00,
    0x20, 0x00, 0x02, 0x00, 0x00, 0x00, 0x00, 0x00, 0x13, 0x00, 0x00, 0x00, 0x20, 0x04, 0x00, 0x00,
    0x01, 0x00, 0x20, 0x00, 0x03, 0x00, 0x72, 0x65, 0x61, 0x64, 0x5F, 0x74, 0x65, 0x62, 0xA0, 0x04,
    0x00, 0x00, 0x01, 0x00, 0x20, 0x00, 0x03, 0x00, 0x72, 0x65, 0x61, 0x64, 0x5F, 0x70, 0x65, 0x62,
    0xC0, 0x04, 0x00, 0x00, 0x01, 0x00, 0x20, 0x00, 0x03, 0x00, 0x00, 0x00, 0x00, 0x00, 0x1D, 0x00,
    0x00, 0x00, 0xE0, 0x04, 0x00, 0x00, 0x01, 0x00, 0x20, 0x00, 0x03, 0x00, 0x00, 0x00, 0x00, 0x00,
    0x29, 0x00, 0x00, 0x00, 0x80, 0x05, 0x00, 0x00, 0x01, 0x00, 0x20, 0x00, 0x03, 0x00, 0x2E, 0x66,
    0x69, 0x6C, 0x65, 0x00, 0x00, 0x00, 0x50, 0x00, 0x00, 0x00, 0xFE, 0xFF, 0x00, 0x00, 0x67, 0x01,
    0x77, 0x69, 0x6E, 0x5F, 0x73, 0x79, 0x73, 0x69, 0x6E, 0x66, 0x6F, 0x2E, 0x63, 0x00, 0x00, 0x00,
    0x00, 0x00, 0x2E, 0x74, 0x65, 0x78, 0x74, 0x00, 0x00, 0x00, 0x3C, 0x06, 0x00, 0x00, 0x01, 0x00,
    0x00, 0x00, 0x03, 0x00, 0x2E, 0x64, 0x61, 0x74, 0x61, 0x00, 0x00, 0x00, 0x00, 0x00, 0x00, 0x00,
    0x00, 0x00, 0x00, 0x00, 0x03, 0x00, 0x2E, 0x62, 0x73, 0x73, 0x00, 0x00, 0x00, 0x00, 0x00, 0x00,
    0x00, 0x00, 0x00, 0x00, 0x00, 0x00, 0x03, 0x00, 0x2E, 0x69, 0x64, 0x61, 0x74, 0x61, 0x24, 0x37,
    0x74, 0x01, 0x00, 0x00, 0x05, 0x00, 0x00, 0x00, 0x03, 0x00, 0x2E, 0x69, 0x64, 0x61, 0x74, 0x61,
    0x24, 0x35, 0xB8, 0x00, 0x00, 0x00, 0x05, 0x00, 0x00, 0x00, 0x03, 0x00, 0x2E, 0x69, 0x64, 0x61,
    0x74, 0x61, 0x24, 0x34, 0x68, 0x00, 0x00, 0x00, 0x05, 0x00, 0x00, 0x00, 0x03, 0x00, 0x2E, 0x69,
    0x64, 0x61, 0x74, 0x61, 0x24, 0x36, 0x48, 0x01, 0x00, 0x00, 0x05, 0x00, 0x00, 0x00, 0x03, 0x00,
    0x2E, 0x74, 0x65, 0x78, 0x74, 0x00, 0x00, 0x00, 0x44, 0x06, 0x00, 0x00, 0x01, 0x00, 0x00, 0x00,
    0x03, 0x00, 0x2E, 0x64, 0x61, 0x74, 0x61, 0x00, 0x00, 0x00, 0x00, 0x00, 0x00, 0x00, 0x00, 0x00,
    0x00, 0x00, 0x03, 0x00, 0x2E, 0x62, 0x73, 0x73, 0x00, 0x00, 0x00, 0x00, 0x00, 0x00, 0x00, 0x00,
    0x00, 0x00, 0x00, 0x00, 0x03, 0x00, 0x2E, 0x69, 0x64, 0x61, 0x74, 0x61, 0x24, 0x37, 0x70, 0x01,
    0x00, 0x00, 0x05, 0x00, 0x00, 0x00, 0x03, 0x00, 0x2E, 0x69, 0x64, 0x61, 0x74, 0x61, 0x24, 0x35,
    0xB0, 0x00, 0x00, 0x00, 0x05, 0x00, 0x00, 0x00, 0x03, 0x00, 0x2E, 0x69, 0x64, 0x61, 0x74, 0x61,
    0x24, 0x34, 0x60, 0x00, 0x00, 0x00, 0x05, 0x00, 0x00, 0x00, 0x03, 0x00, 0x2E, 0x69, 0x64, 0x61,
    0x74, 0x61, 0x24, 0x36, 0x3A, 0x01, 0x00, 0x00, 0x05, 0x00, 0x00, 0x00, 0x03, 0x00, 0x2E, 0x74,
    0x65, 0x78, 0x74, 0x00, 0x00, 0x00, 0x4C, 0x06, 0x00, 0x00, 0x01, 0x00, 0x00, 0x00, 0x03, 0x00,
    0x2E, 0x64, 0x61, 0x74, 0x61, 0x00, 0x00, 0x00, 0x00, 0x00, 0x00, 0x00, 0x00, 0x00, 0x00, 0x00,
    0x03, 0x00, 0x2E, 0x62, 0x73, 0x73, 0x00, 0x00, 0x00, 0x00, 0x00, 0x00, 0x00, 0x00, 0x00, 0x00,
    0x00, 0x00, 0x03, 0x00, 0x2E, 0x69, 0x64, 0x61, 0x74, 0x61, 0x24, 0x37, 0x6C, 0x01, 0x00, 0x00,
    0x05, 0x00, 0x00, 0x00, 0x03, 0x00, 0x2E, 0x69, 0x64, 0x61, 0x74, 0x61, 0x24, 0x35, 0xA8, 0x00,
    0x00, 0x00, 0x05, 0x00, 0x00, 0x00, 0x03, 0x00, 0x2E, 0x69, 0x64, 0x61, 0x74, 0x61, 0x24, 0x34,
    0x58, 0x00, 0x00, 0x00, 0x05, 0x00, 0x00, 0x00, 0x03, 0x00, 0x2E, 0x69, 0x64, 0x61, 0x74, 0x61,
    0x24, 0x36, 0x2A, 0x01, 0x00, 0x00, 0x05, 0x00, 0x00, 0x00, 0x03, 0x00, 0x2E, 0x74, 0x65, 0x78,
    0x74, 0x00, 0x00, 0x00, 0x54, 0x06, 0x00, 0x00, 0x01, 0x00, 0x00, 0x00, 0x03, 0x00, 0x2E, 0x64,
    0x61, 0x74, 0x61, 0x00, 0x00, 0x00, 0x00, 0x00, 0x00, 0x00, 0x00, 0x00, 0x00, 0x00, 0x03, 0x00,
    0x2E, 0x62, 0x73, 0x73, 0x00, 0x00, 0x00, 0x00, 0x00, 0x00, 0x00, 0x00, 0x00, 0x00, 0x00, 0x00,
    0x03, 0x00, 0x2E, 0x69, 0x64, 0x61, 0x74, 0x61, 0x24, 0x37, 0x68, 0x01, 0x00, 0x00, 0x05, 0x00,
    0x00, 0x00, 0x03, 0x00, 0x2E, 0x69, 0x64, 0x61, 0x74, 0x61, 0x24, 0x35, 0xA0, 0x00, 0x00, 0x00,
    0x05, 0x00, 0x00, 0x00, 0x03, 0x00, 0x2E, 0x69, 0x64, 0x61, 0x74, 0x61, 0x24, 0x34, 0x50, 0x00,
    0x00, 0x00, 0x05, 0x00, 0x00, 0x00, 0x03, 0x00, 0x2E, 0x69, 0x64, 0x61, 0x74, 0x61, 0x24, 0x36,
    0x1A, 0x01, 0x00, 0x00, 0x05, 0x00, 0x00, 0x00, 0x03, 0x00, 0x2E, 0x74, 0x65, 0x78, 0x74, 0x00,
    0x00, 0x00, 0x5C, 0x06, 0x00, 0x00, 0x01, 0x00, 0x00, 0x00, 0x03, 0x00, 0x2E, 0x64, 0x61, 0x74,
    0x61, 0x00, 0x00, 0x00, 0x00, 0x00, 0x00, 0x00, 0x00, 0x00, 0x00, 0x00, 0x03, 0x00, 0x2E, 0x62,
    0x73, 0x73, 0x00, 0x00, 0x00, 0x00, 0x00, 0x00, 0x00, 0x00, 0x00, 0x00, 0x00, 0x00, 0x03, 0x00,
    0x2E, 0x69, 0x64, 0x61, 0x74, 0x61, 0x24, 0x37, 0x64, 0x01, 0x00, 0x00, 0x05, 0x00, 0x00, 0x00,
    0x03, 0x00, 0x2E, 0x69, 0x64, 0x61, 0x74, 0x61, 0x24, 0x35, 0x98, 0x00, 0x00, 0x00, 0x05, 0x00,
    0x00, 0x00, 0x03, 0x00, 0x2E, 0x69, 0x64, 0x61, 0x74, 0x61, 0x24, 0x34, 0x48, 0x00, 0x00, 0x00,
    0x05, 0x00, 0x00, 0x00, 0x03, 0x00, 0x2E, 0x69, 0x64, 0x61, 0x74, 0x61, 0x24, 0x36, 0x08, 0x01,
    0x00, 0x00, 0x05, 0x00, 0x00, 0x00, 0x03, 0x00, 0x2E, 0x74, 0x65, 0x78, 0x74, 0x00, 0x00, 0x00,
    0x64, 0x06, 0x00, 0x00, 0x01, 0x00, 0x00, 0x00, 0x03, 0x00, 0x2E, 0x64, 0x61, 0x74, 0x61, 0x00,
    0x00, 0x00, 0x00, 0x00, 0x00, 0x00, 0x00, 0x00, 0x00, 0x00, 0x03, 0x00, 0x2E, 0x62, 0x73, 0x73,
    0x00, 0x00, 0x00, 0x00, 0x00, 0x00, 0x00, 0x00, 0x00, 0x00, 0x00, 0x00, 0x03, 0x00, 0x2E, 0x69,
    0x64, 0x61, 0x74, 0x61, 0x24, 0x37, 0x60, 0x01, 0x00, 0x00, 0x05, 0x00, 0x00, 0x00, 0x03, 0x00,
    0x2E, 0x69, 0x64, 0x61, 0x74, 0x61, 0x24, 0x35, 0x90, 0x00, 0x00, 0x00, 0x05, 0x00, 0x00, 0x00,
    0x03, 0x00, 0x2E, 0x69, 0x64, 0x61, 0x74, 0x61, 0x24, 0x34, 0x40, 0x00, 0x00, 0x00, 0x05, 0x00,
    0x00, 0x00, 0x03, 0x00, 0x2E, 0x69, 0x64, 0x61, 0x74, 0x61, 0x24, 0x36, 0xF8, 0x00, 0x00, 0x00,
    0x05, 0x00, 0x00, 0x00, 0x03, 0x00, 0x2E, 0x74, 0x65, 0x78, 0x74, 0x00, 0x00, 0x00, 0x6C, 0x06,
    0x00, 0x00, 0x01, 0x00, 0x00, 0x00, 0x03, 0x00, 0x2E, 0x64, 0x61, 0x74, 0x61, 0x00, 0x00, 0x00,
    0x00, 0x00, 0x00, 0x00, 0x00, 0x00, 0x00, 0x00, 0x03, 0x00, 0x2E, 0x62, 0x73, 0x73, 0x00, 0x00,
    0x00, 0x00, 0x00, 0x00, 0x00, 0x00, 0x00, 0x00, 0x00, 0x00, 0x03, 0x00, 0x2E, 0x69, 0x64, 0x61,
    0x74, 0x61, 0x24, 0x37, 0x5C, 0x01, 0x00, 0x00, 0x05, 0x00, 0x00, 0x00, 0x03, 0x00, 0x2E, 0x69,
    0x64, 0x61, 0x74, 0x61, 0x24, 0x35, 0x88, 0x00, 0x00, 0x00, 0x05, 0x00, 0x00, 0x00, 0x03, 0x00,
    0x2E, 0x69, 0x64, 0x61, 0x74, 0x61, 0x24, 0x34, 0x38, 0x00, 0x00, 0x00, 0x05, 0x00, 0x00, 0x00,
    0x03, 0x00, 0x2E, 0x69, 0x64, 0x61, 0x74, 0x61, 0x24, 0x36, 0xE8, 0x00, 0x00, 0x00, 0x05, 0x00,
    0x00, 0x00, 0x03, 0x00, 0x2E, 0x74, 0x65, 0x78, 0x74, 0x00, 0x00, 0x00, 0x74, 0x06, 0x00, 0x00,
    0x01, 0x00, 0x00, 0x00, 0x03, 0x00, 0x2E, 0x64, 0x61, 0x74, 0x61, 0x00, 0x00, 0x00, 0x00, 0x00,
    0x00, 0x00, 0x00, 0x00, 0x00, 0x00, 0x03, 0x00, 0x2E, 0x62, 0x73, 0x73, 0x00, 0x00, 0x00, 0x00,
    0x00, 0x00, 0x00, 0x00, 0x00, 0x00, 0x00, 0x00, 0x03, 0x00, 0x2E, 0x69, 0x64, 0x61, 0x74, 0x61,
    0x24, 0x37, 0x58, 0x01, 0x00, 0x00, 0x05, 0x00, 0x00, 0x00, 0x03, 0x00, 0x2E, 0x69, 0x64, 0x61,
    0x74, 0x61, 0x24, 0x35, 0x80, 0x00, 0x00, 0x00, 0x05, 0x00, 0x00, 0x00, 0x03, 0x00, 0x2E, 0x69,
    0x64, 0x61, 0x74, 0x61, 0x24, 0x34, 0x30, 0x00, 0x00, 0x00, 0x05, 0x00, 0x00, 0x00, 0x03, 0x00,
    0x2E, 0x69, 0x64, 0x61, 0x74, 0x61, 0x24, 0x36, 0xD6, 0x00, 0x00, 0x00, 0x05, 0x00, 0x00, 0x00,
    0x03, 0x00, 0x2E, 0x74, 0x65, 0x78, 0x74, 0x00, 0x00, 0x00, 0x7C, 0x06, 0x00, 0x00, 0x01, 0x00,
    0x00, 0x00, 0x03, 0x00, 0x2E, 0x64, 0x61, 0x74, 0x61, 0x00, 0x00, 0x00, 0x00, 0x00, 0x00, 0x00,
    0x00, 0x00, 0x00, 0x00, 0x03, 0x00, 0x2E, 0x62, 0x73, 0x73, 0x00, 0x00, 0x00, 0x00, 0x00, 0x00,
    0x00, 0x00, 0x00, 0x00, 0x00, 0x00, 0x03, 0x00, 0x2E, 0x69, 0x64, 0x61, 0x74, 0x61, 0x24, 0x37,
    0x54, 0x01, 0x00, 0x00, 0x05, 0x00, 0x00, 0x00, 0x03, 0x00, 0x2E, 0x69, 0x64, 0x61, 0x74, 0x61,
    0x24, 0x35, 0x78, 0x00, 0x00, 0x00, 0x05, 0x00, 0x00, 0x00, 0x03, 0x00, 0x2E, 0x69, 0x64, 0x61,
    0x74, 0x61, 0x24, 0x34, 0x28, 0x00, 0x00, 0x00, 0x05, 0x00, 0x00, 0x00, 0x03, 0x00, 0x2E, 0x69,
    0x64, 0x61, 0x74, 0x61, 0x24, 0x36, 0xC8, 0x00, 0x00, 0x00, 0x05, 0x00, 0x00, 0x00, 0x03, 0x00,
    0x2E, 0x66, 0x69, 0x6C, 0x65, 0x00, 0x00, 0x00, 0x5A, 0x00, 0x00, 0x00, 0xFE, 0xFF, 0x00, 0x00,
    0x67, 0x01, 0x66, 0x61, 0x6B, 0x65, 0x00, 0x00, 0x00, 0x00, 0x00, 0x00, 0x00, 0x00, 0x00, 0x00,
    0x00, 0x00, 0x00, 0x00, 0x68, 0x6E, 0x61, 0x6D, 0x65, 0x00, 0x00, 0x00, 0x28, 0x00, 0x00, 0x00,
    0x05, 0x00, 0x00, 0x00, 0x03, 0x00, 0x66, 0x74, 0x68, 0x75, 0x6E, 0x6B, 0x00, 0x00, 0x78, 0x00,
    0x00, 0x00, 0x05, 0x00, 0x00, 0x00, 0x03, 0x00, 0x2E, 0x74, 0x65, 0x78, 0x74, 0x00, 0x00, 0x00,
    0x90, 0x06, 0x00, 0x00, 0x01, 0x00, 0x00, 0x00, 0x03, 0x01, 0x00, 0x00, 0x00, 0x00, 0x00, 0x00,
    0x00, 0x00, 0x00, 0x00, 0x00, 0x00, 0x00, 0x00, 0x00, 0x00, 0x00, 0x00, 0x2E, 0x69, 0x64, 0x61,
    0x74, 0x61, 0x24, 0x32, 0x00, 0x00, 0x00, 0x00, 0x05, 0x00, 0x00, 0x00, 0x03, 0x01, 0x14, 0x00,
    0x00, 0x00, 0x03, 0x00, 0x00, 0x00, 0x00, 0x00, 0x00, 0x00, 0x00, 0x00, 0x00, 0x00, 0x00, 0x00,
    0x2E, 0x69, 0x64, 0x61, 0x74, 0x61, 0x24, 0x34, 0x28, 0x00, 0x00, 0x00, 0x05, 0x00, 0x00, 0x00,
    0x03, 0x00, 0x2E, 0x69, 0x64, 0x61, 0x74, 0x61, 0x24, 0x35, 0x78, 0x00, 0x00, 0x00, 0x05, 0x00,
    0x00, 0x00, 0x03, 0x00, 0x2E, 0x66, 0x69, 0x6C, 0x65, 0x00, 0x00, 0x00, 0x64, 0x00, 0x00, 0x00,
    0xFE, 0xFF, 0x00, 0x00, 0x67, 0x01, 0x66, 0x61, 0x6B, 0x65, 0x00, 0x00, 0x00, 0x00, 0x00, 0x00,
    0x00, 0x00, 0x00, 0x00, 0x00, 0x00, 0x00, 0x00, 0x2E, 0x74, 0x65, 0x78, 0x74, 0x00, 0x00, 0x00,
    0x90, 0x06, 0x00, 0x00, 0x01, 0x00, 0x00, 0x00, 0x03, 0x01, 0x00, 0x00, 0x00, 0x00, 0x00, 0x00,
    0x00, 0x00, 0x00, 0x00, 0x00, 0x00, 0x00, 0x00, 0x00, 0x00, 0x00, 0x00, 0x2E, 0x69, 0x64, 0x61,
    0x74, 0x61, 0x24, 0x34, 0x70, 0x00, 0x00, 0x00, 0x05, 0x00, 0x00, 0x00, 0x03, 0x01, 0x08, 0x00,
    0x00, 0x00, 0x00, 0x00, 0x00, 0x00, 0x00, 0x00, 0x00, 0x00, 0x00, 0x00, 0x00, 0x00, 0x00, 0x00,
    0x2E, 0x69, 0x64, 0x61, 0x74, 0x61, 0x24, 0x35, 0xC0, 0x00, 0x00, 0x00, 0x05, 0x00, 0x00, 0x00,
    0x03, 0x01, 0x08, 0x00, 0x00, 0x00, 0x00, 0x00, 0x00, 0x00, 0x00, 0x00, 0x00, 0x00, 0x00, 0x00,
    0x00, 0x00, 0x00, 0x00, 0x2E, 0x69, 0x64, 0x61, 0x74, 0x61, 0x24, 0x37, 0x78, 0x01, 0x00, 0x00,
    0x05, 0x00, 0x00, 0x00, 0x03, 0x01, 0x0D, 0x00, 0x00, 0x00, 0x00, 0x00, 0x00, 0x00, 0x00, 0x00,
    0x00, 0x00, 0x00, 0x00, 0x00, 0x00, 0x00, 0x00, 0x00, 0x00, 0x00, 0x00, 0x33, 0x00, 0x00, 0x00,
    0x24, 0x03, 0x00, 0x00, 0x02, 0x00, 0x00, 0x00, 0x02, 0x00, 0x00, 0x00, 0x00, 0x00, 0x52, 0x00,
    0x00, 0x00, 0x90, 0x00, 0x00, 0x00, 0x05, 0x00, 0x00, 0x00, 0x02, 0x00, 0x00, 0x00, 0x00, 0x00,
    0x65, 0x00, 0x00, 0x00, 0x78, 0x01, 0x00, 0x00, 0x05, 0x00, 0x00, 0x00, 0x02, 0x00, 0x00, 0x00,
    0x00, 0x00, 0x81, 0x00, 0x00, 0x00, 0x00, 0x00, 0x00, 0x00, 0x02, 0x00, 0x00, 0x00, 0x02, 0x00,
    0x00, 0x00, 0x00, 0x00, 0x90, 0x00, 0x00, 0x00, 0x38, 0x03, 0x00, 0x00, 0x02, 0x00, 0x00, 0x00,
    0x02, 0x00, 0x00, 0x00, 0x00, 0x00, 0x9F, 0x00, 0x00, 0x00, 0x00, 0x00, 0x00, 0x00, 0x01, 0x00,
    0x00, 0x00, 0x02, 0x00, 0x00, 0x00, 0x00, 0x00, 0xAE, 0x00, 0x00, 0x00, 0x00, 0x00, 0x80, 0x00,
    0xFF, 0xFF, 0x00, 0x00, 0x02, 0x00, 0x00, 0x00, 0x00, 0x00, 0xBA, 0x00, 0x00, 0x00, 0x6C, 0x06,
    0x00, 0x00, 0x01, 0x00, 0x00, 0x00, 0x02, 0x00, 0x00, 0x00, 0x00, 0x00, 0xC7, 0x00, 0x00, 0x00,
    0x24, 0x03, 0x00, 0x00, 0x02, 0x00, 0x00, 0x00, 0x02, 0x00, 0x00, 0x00, 0x00, 0x00, 0xDB, 0x00,
    0x00, 0x00, 0x54, 0x06, 0x00, 0x00, 0x01, 0x00, 0x00, 0x00, 0x02, 0x00, 0x00, 0x00, 0x00, 0x00,
    0xE8, 0x00, 0x00, 0x00, 0x60, 0x01, 0x00, 0x00, 0xFF, 0xFF, 0x00, 0x00, 0x02, 0x00, 0x00, 0x00,
    0x00, 0x00, 0x00, 0x01, 0x00, 0x00, 0x00, 0x10, 0x00, 0x00, 0xFF, 0xFF, 0x00, 0x00, 0x02, 0x00,
    0x00, 0x00, 0x00, 0x00, 0x19, 0x01, 0x00, 0x00, 0x00, 0x00, 0x20, 0x00, 0xFF, 0xFF, 0x00, 0x00,
    0x02, 0x00, 0x00, 0x00, 0x00, 0x00, 0x33, 0x01, 0x00, 0x00, 0x05, 0x00, 0x00, 0x00, 0xFF, 0xFF,
    0x00, 0x00, 0x02, 0x00, 0x00, 0x00, 0x00, 0x00, 0x4F, 0x01, 0x00, 0x00, 0x48, 0x03, 0x00, 0x00,
    0x02, 0x00, 0x00, 0x00, 0x02, 0x00, 0x00, 0x00, 0x00, 0x00, 0x61, 0x01, 0x00, 0x00, 0x7C, 0x06,
    0x00, 0x00, 0x01, 0x00, 0x00, 0x00, 0x02, 0x00, 0x00, 0x00, 0x00, 0x00, 0x6D, 0x01, 0x00, 0x00,
    0x48, 0x03, 0x00, 0x00, 0x02, 0x00, 0x00, 0x00, 0x02, 0x00, 0x00, 0x00, 0x00, 0x00, 0x7F, 0x01,
    0x00, 0x00, 0x48, 0x03, 0x00, 0x00, 0x02, 0x00, 0x00, 0x00, 0x02, 0x00, 0x00, 0x00, 0x00, 0x00,
    0x8F, 0x01, 0x00, 0x00, 0x98, 0x00, 0x00, 0x00, 0x05, 0x00, 0x00, 0x00, 0x02, 0x00, 0x00, 0x00,
    0x00, 0x00, 0xA4, 0x01, 0x00, 0x00, 0x78, 0x00, 0x00, 0x00, 0x05, 0x00, 0x00, 0x00, 0x02, 0x00,
    0x00, 0x00, 0x00, 0x00, 0xB6, 0x01, 0x00, 0x00, 0x00, 0x00, 0x00, 0x00, 0x05, 0x00, 0x00, 0x00,
    0x02, 0x00, 0x00, 0x00, 0x00, 0x00, 0xC4, 0x01, 0x00, 0x00, 0x24, 0x03, 0x00, 0x00, 0x02, 0x00,
    0x00, 0x00, 0x02, 0x00, 0x00, 0x00, 0x00, 0x00, 0xE7, 0x01, 0x00, 0x00, 0x00, 0x10, 0x00, 0x00,
    0xFF, 0xFF, 0x00, 0x00, 0x02, 0x00, 0x00, 0x00, 0x00, 0x00, 0xFF, 0x01, 0x00, 0x00, 0x88, 0x00,
    0x00, 0x00, 0x05, 0x00, 0x00, 0x00, 0x02, 0x00, 0x00, 0x00, 0x00, 0x00, 0x12, 0x02, 0x00, 0x00,
    0x48, 0x03, 0x00, 0x00, 0x02, 0x00, 0x00, 0x00, 0x02, 0x00, 0x00, 0x00, 0x00, 0x00, 0x22, 0x02,
    0x00, 0x00, 0x48, 0x03, 0x00, 0x00, 0x02, 0x00, 0x00, 0x00, 0x02, 0x00, 0x00, 0x00, 0x00, 0x00,
    0x34, 0x02, 0x00, 0x00, 0x48, 0x03, 0x00, 0x00, 0x02, 0x00, 0x00, 0x00, 0x02, 0x00, 0x5F, 0x5F,
    0x64, 0x6C, 0x6C, 0x5F, 0x5F, 0x00, 0x00, 0x00, 0x00, 0x00, 0xFF, 0xFF, 0x00, 0x00, 0x02, 0x00,
    0x00, 0x00, 0x00, 0x00, 0x44, 0x02, 0x00, 0x00, 0x00, 0x00, 0x00, 0x00, 0xFF, 0xFF, 0x00, 0x00,
    0x02, 0x00, 0x00, 0x00, 0x00, 0x00, 0x59, 0x02, 0x00, 0x00, 0x00, 0x00, 0x80, 0x00, 0xFF, 0xFF,
    0x00, 0x00, 0x02, 0x00, 0x00, 0x00, 0x00, 0x00, 0x68, 0x02, 0x00, 0x00, 0x00, 0x10, 0x00, 0x00,
    0xFF, 0xFF, 0x00, 0x00, 0x02, 0x00, 0x00, 0x00, 0x00, 0x00, 0x7E, 0x02, 0x00, 0x00, 0x4C, 0x06,
    0x00, 0x00, 0x01, 0x00, 0x00, 0x00, 0x02, 0x00, 0x00, 0x00, 0x00, 0x00, 0x8B, 0x02, 0x00, 0x00,
    0x48, 0x03, 0x00, 0x00, 0x02, 0x00, 0x00, 0x00, 0x02, 0x00, 0x00, 0x00, 0x00, 0x00, 0x9D, 0x02,
    0x00, 0x00, 0xC8, 0x00, 0x00, 0x00, 0x05, 0x00, 0x00, 0x00, 0x02, 0x00, 0x00, 0x00, 0x00, 0x00,
    0xA9, 0x02, 0x00, 0x00, 0x24, 0x03, 0x00, 0x00, 0x02, 0x00, 0x00, 0x00, 0x02, 0x00, 0x00, 0x00,
    0x00, 0x00, 0xC7, 0x02, 0x00, 0x00, 0x80, 0x00, 0x00, 0x00, 0x05, 0x00, 0x00, 0x00, 0x02, 0x00,
    0x00, 0x00, 0x00, 0x00, 0xDD, 0x02, 0x00, 0x00, 0xA8, 0x00, 0x00, 0x00, 0x05, 0x00, 0x00, 0x00,
    0x02, 0x00, 0x00, 0x00, 0x00, 0x00, 0xF0, 0x02, 0x00, 0x00, 0x00, 0x00, 0x00, 0x00, 0x02, 0x00,
    0x00, 0x00, 0x02, 0x00, 0x00, 0x00, 0x00, 0x00, 0xFD, 0x02, 0x00, 0x00, 0xB0, 0x00, 0x00, 0x00,
    0x05, 0x00, 0x00, 0x00, 0x02, 0x00, 0x00, 0x00, 0x00, 0x00, 0x0F, 0x03, 0x00, 0x00, 0x28, 0x03,
    0x00, 0x00, 0x02, 0x00, 0x00, 0x00, 0x02, 0x00, 0x00, 0x00, 0x00, 0x00, 0x1D, 0x03, 0x00, 0x00,
    0x00, 0x00, 0x00, 0x00, 0x05, 0x00, 0x00, 0x00, 0x02, 0x00, 0x00, 0x00, 0x00, 0x00, 0x37, 0x03,
    0x00, 0x00, 0x00, 0x00, 0x00, 0x00, 0x05, 0x00, 0x00, 0x00, 0x02, 0x00, 0x00, 0x00, 0x00, 0x00,
    0x43, 0x03, 0x00, 0x00, 0x48, 0x03, 0x00, 0x00, 0x02, 0x00, 0x00, 0x00, 0x02, 0x00, 0x00, 0x00,
    0x00, 0x00, 0x53, 0x03, 0x00, 0x00, 0x48, 0x03, 0x00, 0x00, 0x02, 0x00, 0x00, 0x00, 0x02, 0x00,
    0x00, 0x00, 0x00, 0x00, 0x65, 0x03, 0x00, 0x00, 0x28, 0x03, 0x00, 0x00, 0x02, 0x00, 0x00, 0x00,
    0x02, 0x00, 0x00, 0x00, 0x00, 0x00, 0x74, 0x03, 0x00, 0x00, 0xA0, 0x00, 0x00, 0x00, 0x05, 0x00,
    0x00, 0x00, 0x02, 0x00, 0x00, 0x00, 0x00, 0x00, 0x87, 0x03, 0x00, 0x00, 0x00, 0x02, 0x00, 0x00,
    0xFF, 0xFF, 0x00, 0x00, 0x02, 0x00, 0x00, 0x00, 0x00, 0x00, 0x9A, 0x03, 0x00, 0x00, 0x3C, 0x06,
    0x00, 0x00, 0x01, 0x00, 0x00, 0x00, 0x02, 0x00, 0x00, 0x00, 0x00, 0x00, 0xA4, 0x03, 0x00, 0x00,
    0x04, 0x00, 0x00, 0x00, 0xFF, 0xFF, 0x00, 0x00, 0x02, 0x00, 0x00, 0x00, 0x00, 0x00, 0xB9, 0x03,
    0x00, 0x00, 0x78, 0x00, 0x00, 0x00, 0x05, 0x00, 0x00, 0x00, 0x02, 0x00, 0x00, 0x00, 0x00, 0x00,
    0xC7, 0x03, 0x00, 0x00, 0x74, 0x06, 0x00, 0x00, 0x01, 0x00, 0x00, 0x00, 0x02, 0x00, 0x5F, 0x5F,
    0x65, 0x6E, 0x64, 0x5F, 0x5F, 0x00, 0x00, 0x00, 0x00, 0x00, 0x01, 0x00, 0x00, 0x00, 0x02, 0x00,
    0x00, 0x00, 0x00, 0x00, 0xD7, 0x03, 0x00, 0x00, 0x38, 0x03, 0x00, 0x00, 0x02, 0x00, 0x00, 0x00,
    0x02, 0x00, 0x00, 0x00, 0x00, 0x00, 0xE5, 0x03, 0x00, 0x00, 0x5C, 0x06, 0x00, 0x00, 0x01, 0x00,
    0x00, 0x00, 0x02, 0x00, 0x00, 0x00, 0x00, 0x00, 0xF4, 0x03, 0x00, 0x00, 0x28, 0x03, 0x00, 0x00,
    0x02, 0x00, 0x00, 0x00, 0x02, 0x00, 0x00, 0x00, 0x00, 0x00, 0x15, 0x04, 0x00, 0x00, 0x00, 0x00,
    0x10, 0x00, 0xFF, 0xFF, 0x00, 0x00, 0x02, 0x00, 0x00, 0x00, 0x00, 0x00, 0x2E, 0x04, 0x00, 0x00,
    0x48, 0x03, 0x00, 0x00, 0x02, 0x00, 0x00, 0x00, 0x02, 0x00, 0x00, 0x00, 0x00, 0x00, 0x40, 0x04,
    0x00, 0x00, 0x03, 0x00, 0x00, 0x00, 0xFF, 0xFF, 0x00, 0x00, 0x02, 0x00, 0x00, 0x00, 0x00, 0x00,
    0x4E, 0x04, 0x00, 0x00, 0xB8, 0x00, 0x00, 0x00, 0x05, 0x00, 0x00, 0x00, 0x02, 0x00, 0x00, 0x00,
    0x00, 0x00, 0x5E, 0x04, 0x00, 0x00, 0x28, 0x03, 0x00, 0x00, 0x02, 0x00, 0x00, 0x00, 0x02, 0x00,
    0x00, 0x00, 0x00, 0x00, 0x7D, 0x04, 0x00, 0x00, 0x00, 0x00, 0x00, 0x00, 0x01, 0x00, 0x00, 0x00,
    0x02, 0x00, 0x00, 0x00, 0x00, 0x00, 0x8A, 0x04, 0x00, 0x00, 0x00, 0x00, 0x00, 0x00, 0xFF, 0xFF,
    0x00, 0x00, 0x02, 0x00, 0x00, 0x00, 0x00, 0x00, 0xA2, 0x04, 0x00, 0x00, 0x00, 0x00, 0x00, 0x00,
    0xFF, 0xFF, 0x00, 0x00, 0x02, 0x00, 0x00, 0x00, 0x00, 0x00, 0xB3, 0x04, 0x00, 0x00, 0x24, 0x03,
    0x00, 0x00, 0x02, 0x00, 0x00, 0x00, 0x02, 0x00, 0x00, 0x00, 0x00, 0x00, 0xC5, 0x04, 0x00, 0x00,
    0x02, 0x00, 0x00, 0x00, 0xFF, 0xFF, 0x00, 0x00, 0x02, 0x00, 0x00, 0x00, 0x00, 0x00, 0xE1, 0x04,
    0x00, 0x00, 0x00, 0x00, 0x00, 0x00, 0xFF, 0xFF, 0x00, 0x00, 0x02, 0x00, 0x00, 0x00, 0x00, 0x00,
    0xF9, 0x04, 0x00, 0x00, 0x64, 0x06, 0x00, 0x00, 0x01, 0x00, 0x00, 0x00, 0x02, 0x00, 0x00, 0x00,
    0x00, 0x00, 0x06, 0x05, 0x00, 0x00, 0x24, 0x03, 0x00, 0x00, 0x02, 0x00, 0x00, 0x00, 0x02, 0x00,
    0x00, 0x00, 0x00, 0x00, 0x28, 0x05, 0x00, 0x00, 0x44, 0x06, 0x00, 0x00, 0x01, 0x00, 0x00, 0x00,
    0x02, 0x00, 0x00, 0x00, 0x00, 0x00, 0x34, 0x05, 0x00, 0x00, 0x48, 0x03, 0x00, 0x00, 0x02, 0x00,
    0x00, 0x00, 0x02, 0x00, 0x44, 0x05, 0x00, 0x00, 0x6D, 0x61, 0x69, 0x6E, 0x43, 0x52, 0x54, 0x53,
    0x74, 0x61, 0x72, 0x74, 0x75, 0x70, 0x00, 0x70, 0x72, 0x69, 0x6E, 0x74, 0x5F, 0x73, 0x74, 0x72,
    0x00, 0x70, 0x72, 0x69, 0x6E, 0x74, 0x5F, 0x68, 0x65, 0x78, 0x36, 0x34, 0x00, 0x70, 0x72, 0x69,
    0x6E, 0x74, 0x5F, 0x64, 0x65, 0x63, 0x00, 0x5F, 0x5F, 0x5F, 0x52, 0x55, 0x4E, 0x54, 0x49, 0x4D,
    0x45, 0x5F, 0x50, 0x53, 0x45, 0x55, 0x44, 0x4F, 0x5F, 0x52, 0x45, 0x4C, 0x4F, 0x43, 0x5F, 0x4C,
    0x49, 0x53, 0x54, 0x5F, 0x5F, 0x00, 0x5F, 0x5F, 0x69, 0x6D, 0x70, 0x5F, 0x47, 0x65, 0x74, 0x53,
    0x74, 0x64, 0x48, 0x61, 0x6E, 0x64, 0x6C, 0x65, 0x00, 0x5F, 0x5F, 0x6C, 0x69, 0x62, 0x36, 0x34,
    0x5F, 0x6C, 0x69, 0x62, 0x6B, 0x65, 0x72, 0x6E, 0x65, 0x6C, 0x33, 0x32, 0x5F, 0x61, 0x5F, 0x69,
    0x6E, 0x61, 0x6D, 0x65, 0x00, 0x5F, 0x5F, 0x64, 0x61, 0x74, 0x61, 0x5F, 0x73, 0x74, 0x61, 0x72,
    0x74, 0x5F, 0x5F, 0x00, 0x5F, 0x5F, 0x5F, 0x44, 0x54, 0x4F, 0x52, 0x5F, 0x4C, 0x49, 0x53, 0x54,
    0x5F, 0x5F, 0x00, 0x5F, 0x5F, 0x5F, 0x74, 0x6C, 0x73, 0x5F, 0x73, 0x74, 0x61, 0x72, 0x74, 0x5F,
    0x5F, 0x00, 0x5F, 0x5F, 0x49, 0x6D, 0x61, 0x67, 0x65, 0x42, 0x61, 0x73, 0x65, 0x00, 0x47, 0x65,
    0x74, 0x4C, 0x61, 0x73, 0x74, 0x45, 0x72, 0x72, 0x6F, 0x72, 0x00, 0x5F, 0x5F, 0x72, 0x74, 0x5F,
    0x70, 0x73, 0x72, 0x65, 0x6C, 0x6F, 0x63, 0x73, 0x5F, 0x73, 0x74, 0x61, 0x72, 0x74, 0x00, 0x53,
    0x65, 0x74, 0x4C, 0x61, 0x73, 0x74, 0x45, 0x72, 0x72, 0x6F, 0x72, 0x00, 0x5F, 0x5F, 0x64, 0x6C,
    0x6C, 0x5F, 0x63, 0x68, 0x61, 0x72, 0x61, 0x63, 0x74, 0x65, 0x72, 0x69, 0x73, 0x74, 0x69, 0x63,
    0x73, 0x5F, 0x5F, 0x00, 0x5F, 0x5F, 0x73, 0x69, 0x7A, 0x65, 0x5F, 0x6F, 0x66, 0x5F, 0x73, 0x74,
    0x61, 0x63, 0x6B, 0x5F, 0x63, 0x6F, 0x6D, 0x6D, 0x69, 0x74, 0x5F, 0x5F, 0x00, 0x5F, 0x5F, 0x73,
    0x69, 0x7A, 0x65, 0x5F, 0x6F, 0x66, 0x5F, 0x73, 0x74, 0x61, 0x63, 0x6B, 0x5F, 0x72, 0x65, 0x73,
    0x65, 0x72, 0x76, 0x65, 0x5F, 0x5F, 0x00, 0x5F, 0x5F, 0x6D, 0x61, 0x6A, 0x6F, 0x72, 0x5F, 0x73,
    0x75, 0x62, 0x73, 0x79, 0x73, 0x74, 0x65, 0x6D, 0x5F, 0x76, 0x65, 0x72, 0x73, 0x69, 0x6F, 0x6E,
    0x5F, 0x5F, 0x00, 0x5F, 0x5F, 0x5F, 0x63, 0x72, 0x74, 0x5F, 0x78, 0x6C, 0x5F, 0x73, 0x74, 0x61,
    0x72, 0x74, 0x5F, 0x5F, 0x00, 0x45, 0x78, 0x69, 0x74, 0x50, 0x72, 0x6F, 0x63, 0x65, 0x73, 0x73,
    0x00, 0x5F, 0x5F, 0x5F, 0x63, 0x72, 0x74, 0x5F, 0x78, 0x69, 0x5F, 0x73, 0x74, 0x61, 0x72, 0x74,
    0x5F, 0x5F, 0x00, 0x5F, 0x5F, 0x5F, 0x63, 0x72, 0x74, 0x5F, 0x78, 0x69, 0x5F, 0x65, 0x6E, 0x64,
    0x5F, 0x5F, 0x00, 0x5F, 0x5F, 0x69, 0x6D, 0x70, 0x5F, 0x47, 0x65, 0x74, 0x54, 0x69, 0x63, 0x6B,
    0x43, 0x6F, 0x75, 0x6E, 0x74, 0x36, 0x34, 0x00, 0x5F, 0x5F, 0x69, 0x6D, 0x70, 0x5F, 0x45, 0x78,
    0x69, 0x74, 0x50, 0x72, 0x6F, 0x63, 0x65, 0x73, 0x73, 0x00, 0x5F, 0x5F, 0x62, 0x73, 0x73, 0x5F,
    0x73, 0x74, 0x61, 0x72, 0x74, 0x5F, 0x5F, 0x00, 0x5F, 0x5F, 0x5F, 0x52, 0x55, 0x4E, 0x54, 0x49,
    0x4D, 0x45, 0x5F, 0x50, 0x53, 0x45, 0x55, 0x44, 0x4F, 0x5F, 0x52, 0x45, 0x4C, 0x4F, 0x43, 0x5F,
    0x4C, 0x49, 0x53, 0x54, 0x5F, 0x45, 0x4E, 0x44, 0x5F, 0x5F, 0x00, 0x5F, 0x5F, 0x73, 0x69, 0x7A,
    0x65, 0x5F, 0x6F, 0x66, 0x5F, 0x68, 0x65, 0x61, 0x70, 0x5F, 0x63, 0x6F, 0x6D, 0x6D, 0x69, 0x74,
    0x5F, 0x5F, 0x00, 0x5F, 0x5F, 0x69, 0x6D, 0x70, 0x5F, 0x47, 0x65, 0x74, 0x4C, 0x61, 0x73, 0x74,
    0x45, 0x72, 0x72, 0x6F, 0x72, 0x00, 0x5F, 0x5F, 0x5F, 0x63, 0x72, 0x74, 0x5F, 0x78, 0x64, 0x5F,
    0x65, 0x6E, 0x64, 0x5F, 0x5F, 0x00, 0x5F, 0x5F, 0x5F, 0x63, 0x72, 0x74, 0x5F, 0x78, 0x70, 0x5F,
    0x73, 0x74, 0x61, 0x72, 0x74, 0x5F, 0x5F, 0x00, 0x5F, 0x5F, 0x5F, 0x63, 0x72, 0x74, 0x5F, 0x78,
    0x70, 0x5F, 0x65, 0x6E, 0x64, 0x5F, 0x5F, 0x00, 0x5F, 0x5F, 0x6D, 0x69, 0x6E, 0x6F, 0x72, 0x5F,
    0x6F, 0x73, 0x5F, 0x76, 0x65, 0x72, 0x73, 0x69, 0x6F, 0x6E, 0x5F, 0x5F, 0x00, 0x5F, 0x5F, 0x69,
    0x6D, 0x61, 0x67, 0x65, 0x5F, 0x62, 0x61, 0x73, 0x65, 0x5F, 0x5F, 0x00, 0x5F, 0x5F, 0x73, 0x65,
    0x63, 0x74, 0x69, 0x6F, 0x6E, 0x5F, 0x61, 0x6C, 0x69, 0x67, 0x6E, 0x6D, 0x65, 0x6E, 0x74, 0x5F,
    0x5F, 0x00, 0x56, 0x69, 0x72, 0x74, 0x75, 0x61, 0x6C, 0x41, 0x6C, 0x6C, 0x6F, 0x63, 0x00, 0x5F,
    0x5F, 0x5F, 0x63, 0x72, 0x74, 0x5F, 0x78, 0x64, 0x5F, 0x73, 0x74, 0x61, 0x72, 0x74, 0x5F, 0x5F,
    0x00, 0x5F, 0x5F, 0x49, 0x41, 0x54, 0x5F, 0x65, 0x6E, 0x64, 0x5F, 0x5F, 0x00, 0x5F, 0x5F, 0x52,
    0x55, 0x4E, 0x54, 0x49, 0x4D, 0x45, 0x5F, 0x50, 0x53, 0x45, 0x55, 0x44, 0x4F, 0x5F, 0x52, 0x45,
    0x4C, 0x4F, 0x43, 0x5F, 0x4C, 0x49, 0x53, 0x54, 0x5F, 0x5F, 0x00, 0x5F, 0x5F, 0x69, 0x6D, 0x70,
    0x5F, 0x47, 0x65, 0x74, 0x43, 0x6F, 0x6D, 0x6D, 0x61, 0x6E, 0x64, 0x4C, 0x69, 0x6E, 0x65, 0x41,
    0x00, 0x5F, 0x5F, 0x69, 0x6D, 0x70, 0x5F, 0x56, 0x69, 0x72, 0x74, 0x75, 0x61, 0x6C, 0x41, 0x6C,
    0x6C, 0x6F, 0x63, 0x00, 0x5F, 0x5F, 0x64, 0x61, 0x74, 0x61, 0x5F, 0x65, 0x6E, 0x64, 0x5F, 0x5F,
    0x00, 0x5F, 0x5F, 0x69, 0x6D, 0x70, 0x5F, 0x56, 0x69, 0x72, 0x74, 0x75, 0x61, 0x6C, 0x46, 0x72,
    0x65, 0x65, 0x00, 0x5F, 0x5F, 0x43, 0x54, 0x4F, 0x52, 0x5F, 0x4C, 0x49, 0x53, 0x54, 0x5F, 0x5F,
    0x00, 0x5F, 0x68, 0x65, 0x61, 0x64, 0x5F, 0x6C, 0x69, 0x62, 0x36, 0x34, 0x5F, 0x6C, 0x69, 0x62,
    0x6B, 0x65, 0x72, 0x6E, 0x65, 0x6C, 0x33, 0x32, 0x5F, 0x61, 0x00, 0x5F, 0x5F, 0x62, 0x73, 0x73,
    0x5F, 0x65, 0x6E, 0x64, 0x5F, 0x5F, 0x00, 0x5F, 0x5F, 0x5F, 0x63, 0x72, 0x74, 0x5F, 0x78, 0x63,
    0x5F, 0x65, 0x6E, 0x64, 0x5F, 0x5F, 0x00, 0x5F, 0x5F, 0x5F, 0x63, 0x72, 0x74, 0x5F, 0x78, 0x63,
    0x5F, 0x73, 0x74, 0x61, 0x72, 0x74, 0x5F, 0x5F, 0x00, 0x5F, 0x5F, 0x5F, 0x43, 0x54, 0x4F, 0x52,
    0x5F, 0x4C, 0x49, 0x53, 0x54, 0x5F, 0x5F, 0x00, 0x5F, 0x5F, 0x69, 0x6D, 0x70, 0x5F, 0x53, 0x65,
    0x74, 0x4C, 0x61, 0x73, 0x74, 0x45, 0x72, 0x72, 0x6F, 0x72, 0x00, 0x5F, 0x5F, 0x66, 0x69, 0x6C,
    0x65, 0x5F, 0x61, 0x6C, 0x69, 0x67, 0x6E, 0x6D, 0x65, 0x6E, 0x74, 0x5F, 0x5F, 0x00, 0x57, 0x72,
    0x69, 0x74, 0x65, 0x46, 0x69, 0x6C, 0x65, 0x00, 0x5F, 0x5F, 0x6D, 0x61, 0x6A, 0x6F, 0x72, 0x5F,
    0x6F, 0x73, 0x5F, 0x76, 0x65, 0x72, 0x73, 0x69, 0x6F, 0x6E, 0x5F, 0x5F, 0x00, 0x5F, 0x5F, 0x49,
    0x41, 0x54, 0x5F, 0x73, 0x74, 0x61, 0x72, 0x74, 0x5F, 0x5F, 0x00, 0x47, 0x65, 0x74, 0x43, 0x6F,
    0x6D, 0x6D, 0x61, 0x6E, 0x64, 0x4C, 0x69, 0x6E, 0x65, 0x41, 0x00, 0x5F, 0x5F, 0x44, 0x54, 0x4F,
    0x52, 0x5F, 0x4C, 0x49, 0x53, 0x54, 0x5F, 0x5F, 0x00, 0x47, 0x65, 0x74, 0x54, 0x69, 0x63, 0x6B,
    0x43, 0x6F, 0x75, 0x6E, 0x74, 0x36, 0x34, 0x00, 0x5F, 0x5F, 0x44, 0x45, 0x4C, 0x41, 0x59, 0x5F,
    0x49, 0x4D, 0x50, 0x4F, 0x52, 0x54, 0x5F, 0x44, 0x49, 0x52, 0x45, 0x43, 0x54, 0x4F, 0x52, 0x59,
    0x5F, 0x73, 0x74, 0x61, 0x72, 0x74, 0x5F, 0x5F, 0x00, 0x5F, 0x5F, 0x73, 0x69, 0x7A, 0x65, 0x5F,
    0x6F, 0x66, 0x5F, 0x68, 0x65, 0x61, 0x70, 0x5F, 0x72, 0x65, 0x73, 0x65, 0x72, 0x76, 0x65, 0x5F,
    0x5F, 0x00, 0x5F, 0x5F, 0x5F, 0x63, 0x72, 0x74, 0x5F, 0x78, 0x74, 0x5F, 0x73, 0x74, 0x61, 0x72,
    0x74, 0x5F, 0x5F, 0x00, 0x5F, 0x5F, 0x73, 0x75, 0x62, 0x73, 0x79, 0x73, 0x74, 0x65, 0x6D, 0x5F,
    0x5F, 0x00, 0x5F, 0x5F, 0x69, 0x6D, 0x70, 0x5F, 0x57, 0x72, 0x69, 0x74, 0x65, 0x46, 0x69, 0x6C,
    0x65, 0x00, 0x5F, 0x5F, 0x44, 0x45, 0x4C, 0x41, 0x59, 0x5F, 0x49, 0x4D, 0x50, 0x4F, 0x52, 0x54,
    0x5F, 0x44, 0x49, 0x52, 0x45, 0x43, 0x54, 0x4F, 0x52, 0x59, 0x5F, 0x65, 0x6E, 0x64, 0x5F, 0x5F,
    0x00, 0x5F, 0x5F, 0x5F, 0x74, 0x6C, 0x73, 0x5F, 0x65, 0x6E, 0x64, 0x5F, 0x5F, 0x00, 0x5F, 0x5F,
    0x6D, 0x61, 0x6A, 0x6F, 0x72, 0x5F, 0x69, 0x6D, 0x61, 0x67, 0x65, 0x5F, 0x76, 0x65, 0x72, 0x73,
    0x69, 0x6F, 0x6E, 0x5F, 0x5F, 0x00, 0x5F, 0x5F, 0x6C, 0x6F, 0x61, 0x64, 0x65, 0x72, 0x5F, 0x66,
    0x6C, 0x61, 0x67, 0x73, 0x5F, 0x5F, 0x00, 0x5F, 0x5F, 0x72, 0x74, 0x5F, 0x70, 0x73, 0x72, 0x65,
    0x6C, 0x6F, 0x63, 0x73, 0x5F, 0x65, 0x6E, 0x64, 0x00, 0x5F, 0x5F, 0x6D, 0x69, 0x6E, 0x6F, 0x72,
    0x5F, 0x73, 0x75, 0x62, 0x73, 0x79, 0x73, 0x74, 0x65, 0x6D, 0x5F, 0x76, 0x65, 0x72, 0x73, 0x69,
    0x6F, 0x6E, 0x5F, 0x5F, 0x00, 0x5F, 0x5F, 0x6D, 0x69, 0x6E, 0x6F, 0x72, 0x5F, 0x69, 0x6D, 0x61,
    0x67, 0x65, 0x5F, 0x76, 0x65, 0x72, 0x73, 0x69, 0x6F, 0x6E, 0x5F, 0x5F, 0x00, 0x47, 0x65, 0x74,
    0x53, 0x74, 0x64, 0x48, 0x61, 0x6E, 0x64, 0x6C, 0x65, 0x00, 0x5F, 0x5F, 0x52, 0x55, 0x4E, 0x54,
    0x49, 0x4D, 0x45, 0x5F, 0x50, 0x53, 0x45, 0x55, 0x44, 0x4F, 0x5F, 0x52, 0x45, 0x4C, 0x4F, 0x43,
    0x5F, 0x4C, 0x49, 0x53, 0x54, 0x5F, 0x45, 0x4E, 0x44, 0x5F, 0x5F, 0x00, 0x56, 0x69, 0x72, 0x74,
    0x75, 0x61, 0x6C, 0x46, 0x72, 0x65, 0x65, 0x00, 0x5F, 0x5F, 0x5F, 0x63, 0x72, 0x74, 0x5F, 0x78,
    0x74, 0x5F, 0x65, 0x6E, 0x64, 0x5F, 0x5F, 0x00,
};

const uint8_t* loader_get_sample_win_sysinfo(size_t* out_size) {
    if (out_size) {
        *out_size = sizeof(sample_win_sysinfo_binary);
    }
    return sample_win_sysinfo_binary;
}

// Real 64-bit Windows PE32+ Executable: win_calc.exe (9626 bytes)
alignas(16) static const uint8_t sample_win_calc_binary[] = {
    0x4D, 0x5A, 0x90, 0x00, 0x03, 0x00, 0x00, 0x00, 0x04, 0x00, 0x00, 0x00, 0xFF, 0xFF, 0x00, 0x00,
    0xB8, 0x00, 0x00, 0x00, 0x00, 0x00, 0x00, 0x00, 0x40, 0x00, 0x00, 0x00, 0x00, 0x00, 0x00, 0x00,
    0x00, 0x00, 0x00, 0x00, 0x00, 0x00, 0x00, 0x00, 0x00, 0x00, 0x00, 0x00, 0x00, 0x00, 0x00, 0x00,
    0x00, 0x00, 0x00, 0x00, 0x00, 0x00, 0x00, 0x00, 0x00, 0x00, 0x00, 0x00, 0x80, 0x00, 0x00, 0x00,
    0x0E, 0x1F, 0xBA, 0x0E, 0x00, 0xB4, 0x09, 0xCD, 0x21, 0xB8, 0x01, 0x4C, 0xCD, 0x21, 0x54, 0x68,
    0x69, 0x73, 0x20, 0x70, 0x72, 0x6F, 0x67, 0x72, 0x61, 0x6D, 0x20, 0x63, 0x61, 0x6E, 0x6E, 0x6F,
    0x74, 0x20, 0x62, 0x65, 0x20, 0x72, 0x75, 0x6E, 0x20, 0x69, 0x6E, 0x20, 0x44, 0x4F, 0x53, 0x20,
    0x6D, 0x6F, 0x64, 0x65, 0x2E, 0x0D, 0x0D, 0x0A, 0x24, 0x00, 0x00, 0x00, 0x00, 0x00, 0x00, 0x00,
    0x50, 0x45, 0x00, 0x00, 0x64, 0x86, 0x05, 0x00, 0x56, 0x0D, 0x9B, 0x6A, 0x00, 0x16, 0x00, 0x00,
    0x97, 0x00, 0x00, 0x00, 0xF0, 0x00, 0x26, 0x02, 0x0B, 0x02, 0x02, 0x2F, 0x00, 0x08, 0x00, 0x00,
    0x00, 0x0A, 0x00, 0x00, 0x00, 0x00, 0x00, 0x00, 0x00, 0x10, 0x00, 0x00, 0x00, 0x10, 0x00, 0x00,
    0x00, 0x00, 0x80, 0x00, 0x00, 0x00, 0x00, 0x00, 0x00, 0x10, 0x00, 0x00, 0x00, 0x02, 0x00, 0x00,
    0x04, 0x00, 0x00, 0x00, 0x00, 0x00, 0x00, 0x00, 0x05, 0x00, 0x02, 0x00, 0x00, 0x00, 0x00, 0x00,
    0x00, 0x60, 0x00, 0x00, 0x00, 0x04, 0x00, 0x00, 0xA2, 0x99, 0x00, 0x00, 0x03, 0x00, 0x60, 0x01,
    0x00, 0x00, 0x20, 0x00, 0x00, 0x00, 0x00, 0x00, 0x00, 0x10, 0x00, 0x00, 0x00, 0x00, 0x00, 0x00,
    0x00, 0x00, 0x10, 0x00, 0x00, 0x00, 0x00, 0x00, 0x00, 0x10, 0x00, 0x00, 0x00, 0x00, 0x00, 0x00,
    0x00, 0x00, 0x00, 0x00, 0x10, 0x00, 0x00, 0x00, 0x00, 0x00, 0x00, 0x00, 0x00, 0x00, 0x00, 0x00,
    0x00, 0x50, 0x00, 0x00, 0x3C, 0x01, 0x00, 0x00, 0x00, 0x00, 0x00, 0x00, 0x00, 0x00, 0x00, 0x00,
    0x00, 0x30, 0x00, 0x00, 0x3C, 0x00, 0x00, 0x00, 0x00, 0x00, 0x00, 0x00, 0x00, 0x00, 0x00, 0x00,
    0x00, 0x00, 0x00, 0x00, 0x00, 0x00, 0x00, 0x00, 0x00, 0x00, 0x00, 0x00, 0x00, 0x00, 0x00, 0x00,
    0x00, 0x00, 0x00, 0x00, 0x00, 0x00, 0x00, 0x00, 0x00, 0x00, 0x00, 0x00, 0x00, 0x00, 0x00, 0x00,
    0x00, 0x00, 0x00, 0x00, 0x00, 0x00, 0x00, 0x00, 0x00, 0x00, 0x00, 0x00, 0x00, 0x00, 0x00, 0x00,
    0x00, 0x00, 0x00, 0x00, 0x00, 0x00, 0x00, 0x00, 0x68, 0x50, 0x00, 0x00, 0x40, 0x00, 0x00, 0x00,
    0x00, 0x00, 0x00, 0x00, 0x00, 0x00, 0x00, 0x00, 0x00, 0x00, 0x00, 0x00, 0x00, 0x00, 0x00, 0x00,
    0x00, 0x00, 0x00, 0x00, 0x00, 0x00, 0x00, 0x00, 0x2E, 0x74, 0x65, 0x78, 0x74, 0x00, 0x00, 0x00,
    0x10, 0x07, 0x00, 0x00, 0x00, 0x10, 0x00, 0x00, 0x00, 0x08, 0x00, 0x00, 0x00, 0x04, 0x00, 0x00,
    0x00, 0x00, 0x00, 0x00, 0x00, 0x00, 0x00, 0x00, 0x00, 0x00, 0x00, 0x00, 0x20, 0x00, 0x00, 0x60,
    0x2E, 0x72, 0x64, 0x61, 0x74, 0x61, 0x00, 0x00, 0xC8, 0x02, 0x00, 0x00, 0x00, 0x20, 0x00, 0x00,
    0x00, 0x04, 0x00, 0x00, 0x00, 0x0C, 0x00, 0x00, 0x00, 0x00, 0x00, 0x00, 0x00, 0x00, 0x00, 0x00,
    0x00, 0x00, 0x00, 0x00, 0x40, 0x00, 0x00, 0x40, 0x2E, 0x70, 0x64, 0x61, 0x74, 0x61, 0x00, 0x00,
    0x3C, 0x00, 0x00, 0x00, 0x00, 0x30, 0x00, 0x00, 0x00, 0x02, 0x00, 0x00, 0x00, 0x10, 0x00, 0x00,
    0x00, 0x00, 0x00, 0x00, 0x00, 0x00, 0x00, 0x00, 0x00, 0x00, 0x00, 0x00, 0x40, 0x00, 0x00, 0x40,
    0x2E, 0x78, 0x64, 0x61, 0x74, 0x61, 0x00, 0x00, 0x28, 0x00, 0x00, 0x00, 0x00, 0x40, 0x00, 0x00,
    0x00, 0x02, 0x00, 0x00, 0x00, 0x12, 0x00, 0x00, 0x00, 0x00, 0x00, 0x00, 0x00, 0x00, 0x00, 0x00,
    0x00, 0x00, 0x00, 0x00, 0x40, 0x00, 0x00, 0x40, 0x2E, 0x69, 0x64, 0x61, 0x74, 0x61, 0x00, 0x00,
    0x3C, 0x01, 0x00, 0x00, 0x00, 0x50, 0x00, 0x00, 0x00, 0x02, 0x00, 0x00, 0x00, 0x14, 0x00, 0x00,
    0x00, 0x00, 0x00, 0x00, 0x00, 0x00, 0x00, 0x00, 0x00, 0x00, 0x00, 0x00, 0x40, 0x00, 0x00, 0x40,
    0x00, 0x00, 0x00, 0x00, 0x00, 0x00, 0x00, 0x00, 0x00, 0x00, 0x00, 0x00, 0x00, 0x00, 0x00, 0x00,
    0x00, 0x00, 0x00, 0x00, 0x00, 0x00, 0x00, 0x00, 0x00, 0x00, 0x00, 0x00, 0x00, 0x00, 0x00, 0x00,
    0x00, 0x00, 0x00, 0x00, 0x00, 0x00, 0x00, 0x00, 0x00, 0x00, 0x00, 0x00, 0x00, 0x00, 0x00, 0x00,
    0x00, 0x00, 0x00, 0x00, 0x00, 0x00, 0x00, 0x00, 0x00, 0x00, 0x00, 0x00, 0x00, 0x00, 0x00, 0x00,
    0x00, 0x00, 0x00, 0x00, 0x00, 0x00, 0x00, 0x00, 0x00, 0x00, 0x00, 0x00, 0x00, 0x00, 0x00, 0x00,
    0x00, 0x00, 0x00, 0x00, 0x00, 0x00, 0x00, 0x00, 0x00, 0x00, 0x00, 0x00, 0x00, 0x00, 0x00, 0x00,
    0x00, 0x00, 0x00, 0x00, 0x00, 0x00, 0x00, 0x00, 0x00, 0x00, 0x00, 0x00, 0x00, 0x00, 0x00, 0x00,
    0x00, 0x00, 0x00, 0x00, 0x00, 0x00, 0x00, 0x00, 0x00, 0x00, 0x00, 0x00, 0x00, 0x00, 0x00, 0x00,
    0x00, 0x00, 0x00, 0x00, 0x00, 0x00, 0x00, 0x00, 0x00, 0x00, 0x00, 0x00, 0x00, 0x00, 0x00, 0x00,
    0x00, 0x00, 0x00, 0x00, 0x00, 0x00, 0x00, 0x00, 0x00, 0x00, 0x00, 0x00, 0x00, 0x00, 0x00, 0x00,
    0x00, 0x00, 0x00, 0x00, 0x00, 0x00, 0x00, 0x00, 0x00, 0x00, 0x00, 0x00, 0x00, 0x00, 0x00, 0x00,
    0x00, 0x00, 0x00, 0x00, 0x00, 0x00, 0x00, 0x00, 0x00, 0x00, 0x00, 0x00, 0x00, 0x00, 0x00, 0x00,
    0x00, 0x00, 0x00, 0x00, 0x00, 0x00, 0x00, 0x00, 0x00, 0x00, 0x00, 0x00, 0x00, 0x00, 0x00, 0x00,
    0x00, 0x00, 0x00, 0x00, 0x00, 0x00, 0x00, 0x00, 0x00, 0x00, 0x00, 0x00, 0x00, 0x00, 0x00, 0x00,
    0x00, 0x00, 0x00, 0x00, 0x00, 0x00, 0x00, 0x00, 0x00, 0x00, 0x00, 0x00, 0x00, 0x00, 0x00, 0x00,
    0x00, 0x00, 0x00, 0x00, 0x00, 0x00, 0x00, 0x00, 0x00, 0x00, 0x00, 0x00, 0x00, 0x00, 0x00, 0x00,
    0x00, 0x00, 0x00, 0x00, 0x00, 0x00, 0x00, 0x00, 0x00, 0x00, 0x00, 0x00, 0x00, 0x00, 0x00, 0x00,
    0x00, 0x00, 0x00, 0x00, 0x00, 0x00, 0x00, 0x00, 0x00, 0x00, 0x00, 0x00, 0x00, 0x00, 0x00, 0x00,
    0x00, 0x00, 0x00, 0x00, 0x00, 0x00, 0x00, 0x00, 0x00, 0x00, 0x00, 0x00, 0x00, 0x00, 0x00, 0x00,
    0x00, 0x00, 0x00, 0x00, 0x00, 0x00, 0x00, 0x00, 0x00, 0x00, 0x00, 0x00, 0x00, 0x00, 0x00, 0x00,
    0x00, 0x00, 0x00, 0x00, 0x00, 0x00, 0x00, 0x00, 0x00, 0x00, 0x00, 0x00, 0x00, 0x00, 0x00, 0x00,
    0x00, 0x00, 0x00, 0x00, 0x00, 0x00, 0x00, 0x00, 0x00, 0x00, 0x00, 0x00, 0x00, 0x00, 0x00, 0x00,
    0x00, 0x00, 0x00, 0x00, 0x00, 0x00, 0x00, 0x00, 0x00, 0x00, 0x00, 0x00, 0x00, 0x00, 0x00, 0x00,
    0x00, 0x00, 0x00, 0x00, 0x00, 0x00, 0x00, 0x00, 0x00, 0x00, 0x00, 0x00, 0x00, 0x00, 0x00, 0x00,
    0x00, 0x00, 0x00, 0x00, 0x00, 0x00, 0x00, 0x00, 0x00, 0x00, 0x00, 0x00, 0x00, 0x00, 0x00, 0x00,
    0x00, 0x00, 0x00, 0x00, 0x00, 0x00, 0x00, 0x00, 0x00, 0x00, 0x00, 0x00, 0x00, 0x00, 0x00, 0x00,
    0x00, 0x00, 0x00, 0x00, 0x00, 0x00, 0x00, 0x00, 0x00, 0x00, 0x00, 0x00, 0x00, 0x00, 0x00, 0x00,
    0x48, 0x83, 0xEC, 0x68, 0xB9, 0xF5, 0xFF, 0xFF, 0xFF, 0xFF, 0x15, 0x69, 0x40, 0x00, 0x00, 0x48,
    0x89, 0x44, 0x24, 0x60, 0xFF, 0x15, 0x56, 0x40, 0x00, 0x00, 0x48, 0x89, 0x44, 0x24, 0x58, 0xFF,
    0x15, 0x5B, 0x40, 0x00, 0x00, 0x48, 0x89, 0x44, 0x24, 0x50, 0x48, 0x8B, 0x4C, 0x24, 0x60, 0x48,
    0x8D, 0x15, 0xCA, 0x0F, 0x00, 0x00, 0xE8, 0xA5, 0x02, 0x00, 0x00, 0x48, 0x8B, 0x4C, 0x24, 0x60,
    0x48, 0x8D, 0x15, 0xFC, 0x0F, 0x00, 0x00, 0xE8, 0x94, 0x02, 0x00, 0x00, 0x48, 0x8B, 0x4C, 0x24,
    0x60, 0x48, 0x8D, 0x15, 0xA8, 0x0F, 0x00, 0x00, 0xE8, 0x83, 0x02, 0x00, 0x00, 0x48, 0x8B, 0x4C,
    0x24, 0x60, 0x48, 0x8D, 0x15, 0x1D, 0x10, 0x00, 0x00, 0xE8, 0x72, 0x02, 0x00, 0x00, 0x48, 0x8B,
    0x4C, 0x24, 0x60, 0xBA, 0x00, 0x04, 0x00, 0x00, 0xE8, 0xE3, 0x02, 0x00, 0x00, 0x48, 0x8B, 0x4C,
    0x24, 0x60, 0xBA, 0xFF, 0xFF, 0x00, 0x00, 0xE8, 0xD4, 0x02, 0x00, 0x00, 0x48, 0x8B, 0x4C, 0x24,
    0x60, 0xBA, 0x19, 0x99, 0x01, 0x00, 0xE8, 0xC5, 0x02, 0x00, 0x00, 0x48, 0x8B, 0x4C, 0x24, 0x60,
    0xBA, 0xD2, 0x02, 0x96, 0x49, 0xE8, 0xB6, 0x02, 0x00, 0x00, 0x48, 0x8B, 0x4C, 0x24, 0x60, 0x48,
    0x8D, 0x15, 0xF2, 0x0F, 0x00, 0x00, 0xE8, 0x25, 0x02, 0x00, 0x00, 0x48, 0x8B, 0x4C, 0x24, 0x60,
    0xBA, 0x1B, 0x00, 0x00, 0x00, 0xE8, 0x06, 0x04, 0x00, 0x00, 0x48, 0x8B, 0x4C, 0x24, 0x60, 0xBA,
    0x61, 0x00, 0x00, 0x00, 0xE8, 0xF7, 0x03, 0x00, 0x00, 0x48, 0x8B, 0x4C, 0x24, 0x60, 0xBA, 0x67,
    0x03, 0x00, 0x00, 0xE8, 0xE8, 0x03, 0x00, 0x00, 0x48, 0x8B, 0x4C, 0x24, 0x60, 0x48, 0x8D, 0x15,
    0xDE, 0x0F, 0x00, 0x00, 0xE8, 0xE7, 0x01, 0x00, 0x00, 0x48, 0x8B, 0x4C, 0x24, 0x58, 0xBA, 0x08,
    0x00, 0x00, 0x00, 0x41, 0xB8, 0x00, 0x10, 0x00, 0x00, 0xFF, 0x15, 0x79, 0x3F, 0x00, 0x00, 0x48,
    0x89, 0x44, 0x24, 0x48, 0x48, 0x83, 0x7C, 0x24, 0x48, 0x00, 0x0F, 0x84, 0xFE, 0x00, 0x00, 0x00,
    0x48, 0x8B, 0x44, 0x24, 0x48, 0x48, 0xC7, 0x00, 0x00, 0x00, 0x00, 0x00, 0x48, 0x8B, 0x44, 0x24,
    0x48, 0x48, 0xC7, 0x40, 0x08, 0x01, 0x00, 0x00, 0x00, 0xC7, 0x44, 0x24, 0x44, 0x02, 0x00, 0x00,
    0x00, 0x83, 0x7C, 0x24, 0x44, 0x32, 0x7D, 0x41, 0x48, 0x8B, 0x44, 0x24, 0x48, 0x8B, 0x4C, 0x24,
    0x44, 0x83, 0xE9, 0x01, 0x48, 0x63, 0xC9, 0x48, 0x8B, 0x14, 0xC8, 0x48, 0x8B, 0x44, 0x24, 0x48,
    0x8B, 0x4C, 0x24, 0x44, 0x83, 0xE9, 0x02, 0x48, 0x63, 0xC9, 0x48, 0x03, 0x14, 0xC8, 0x48, 0x8B,
    0x44, 0x24, 0x48, 0x48, 0x63, 0x4C, 0x24, 0x44, 0x48, 0x89, 0x14, 0xC8, 0x8B, 0x44, 0x24, 0x44,
    0x83, 0xC0, 0x01, 0x89, 0x44, 0x24, 0x44, 0xEB, 0xB8, 0x48, 0x8B, 0x4C, 0x24, 0x60, 0x48, 0x8D,
    0x15, 0x79, 0x0F, 0x00, 0x00, 0xE8, 0x46, 0x01, 0x00, 0x00, 0x48, 0x8B, 0x4C, 0x24, 0x60, 0x48,
    0x8B, 0x44, 0x24, 0x48, 0x48, 0x8B, 0x90, 0x68, 0x01, 0x00, 0x00, 0xE8, 0x60, 0x04, 0x00, 0x00,
    0x48, 0x8B, 0x4C, 0x24, 0x60, 0x48, 0x8D, 0x15, 0x7F, 0x0F, 0x00, 0x00, 0xE8, 0x1F, 0x01, 0x00,
    0x00, 0x48, 0x8B, 0x4C, 0x24, 0x60, 0x48, 0x8D, 0x15, 0x71, 0x0F, 0x00, 0x00, 0xE8, 0x0E, 0x01,
    0x00, 0x00, 0x48, 0x8B, 0x4C, 0x24, 0x60, 0x48, 0x8B, 0x44, 0x24, 0x48, 0x48, 0x8B, 0x90, 0x88,
    0x01, 0x00, 0x00, 0xE8, 0x28, 0x04, 0x00, 0x00, 0x48, 0x8B, 0x4C, 0x24, 0x60, 0x48, 0x8D, 0x15,
    0x47, 0x0F, 0x00, 0x00, 0xE8, 0xE7, 0x00, 0x00, 0x00, 0x48, 0x8B, 0x4C, 0x24, 0x58, 0x4C, 0x8B,
    0x44, 0x24, 0x48, 0x31, 0xD2, 0xFF, 0x15, 0x85, 0x3E, 0x00, 0x00, 0x48, 0x8B, 0x4C, 0x24, 0x60,
    0x48, 0x8D, 0x15, 0x54, 0x0F, 0x00, 0x00, 0xE8, 0xC4, 0x00, 0x00, 0x00, 0xEB, 0x11, 0x48, 0x8B,
    0x4C, 0x24, 0x60, 0x48, 0x8D, 0x15, 0x77, 0x0F, 0x00, 0x00, 0xE8, 0xB1, 0x00, 0x00, 0x00, 0xFF,
    0x15, 0x4B, 0x3E, 0x00, 0x00, 0x48, 0x89, 0x44, 0x24, 0x38, 0x48, 0x8B, 0x4C, 0x24, 0x60, 0x48,
    0x8D, 0x15, 0x7A, 0x0F, 0x00, 0x00, 0xE8, 0x95, 0x00, 0x00, 0x00, 0x48, 0x8B, 0x44, 0x24, 0x60,
    0x48, 0x89, 0x44, 0x24, 0x30, 0x48, 0x8B, 0x44, 0x24, 0x38, 0x48, 0x3B, 0x44, 0x24, 0x50, 0x72,
    0x11, 0x48, 0x8B, 0x44, 0x24, 0x38, 0x48, 0x2B, 0x44, 0x24, 0x50, 0x48, 0x89, 0x44, 0x24, 0x28,
    0xEB, 0x09, 0x31, 0xC0, 0x48, 0x89, 0x44, 0x24, 0x28, 0xEB, 0x00, 0x48, 0x8B, 0x4C, 0x24, 0x30,
    0x48, 0x8B, 0x54, 0x24, 0x28, 0xE8, 0x86, 0x03, 0x00, 0x00, 0x48, 0x8B, 0x4C, 0x24, 0x60, 0x48,
    0x8D, 0x15, 0x4F, 0x0F, 0x00, 0x00, 0xE8, 0x45, 0x00, 0x00, 0x00, 0x48, 0x8B, 0x4C, 0x24, 0x60,
    0x48, 0x8D, 0x15, 0x59, 0x0D, 0x00, 0x00, 0xE8, 0x34, 0x00, 0x00, 0x00, 0x48, 0x8B, 0x4C, 0x24,
    0x60, 0x48, 0x8D, 0x15, 0x33, 0x0F, 0x00, 0x00, 0xE8, 0x23, 0x00, 0x00, 0x00, 0x48, 0x8B, 0x4C,
    0x24, 0x60, 0x48, 0x8D, 0x15, 0x37, 0x0D, 0x00, 0x00, 0xE8, 0x12, 0x00, 0x00, 0x00, 0x31, 0xC9,
    0xFF, 0x15, 0x92, 0x3D, 0x00, 0x00, 0x90, 0x48, 0x83, 0xC4, 0x68, 0xC3, 0x0F, 0x1F, 0x40, 0x00,
    0x48, 0x83, 0xEC, 0x48, 0x48, 0x89, 0x4C, 0x24, 0x40, 0x48, 0x89, 0x54, 0x24, 0x38, 0x48, 0x83,
    0x7C, 0x24, 0x38, 0x00, 0x74, 0x08, 0x48, 0x83, 0x7C, 0x24, 0x40, 0x00, 0x75, 0x02, 0xEB, 0x55,
    0xC7, 0x44, 0x24, 0x34, 0x00, 0x00, 0x00, 0x00, 0x48, 0x8B, 0x44, 0x24, 0x38, 0x8B, 0x4C, 0x24,
    0x34, 0x0F, 0xBE, 0x04, 0x08, 0x83, 0xF8, 0x00, 0x74, 0x0D, 0x8B, 0x44, 0x24, 0x34, 0x83, 0xC0,
    0x01, 0x89, 0x44, 0x24, 0x34, 0xEB, 0xE1, 0xC7, 0x44, 0x24, 0x30, 0x00, 0x00, 0x00, 0x00, 0x48,
    0x8B, 0x4C, 0x24, 0x40, 0x48, 0x8B, 0x54, 0x24, 0x38, 0x44, 0x8B, 0x44, 0x24, 0x34, 0x4C, 0x8D,
    0x4C, 0x24, 0x30, 0x31, 0xC0, 0x48, 0xC7, 0x44, 0x24, 0x20, 0x00, 0x00, 0x00, 0x00, 0xFF, 0x15,
    0x44, 0x3D, 0x00, 0x00, 0x90, 0x48, 0x83, 0xC4, 0x48, 0xC3, 0x66, 0x0F, 0x1F, 0x44, 0x00, 0x00,
    0x48, 0x83, 0xEC, 0x48, 0x48, 0x89, 0x4C, 0x24, 0x40, 0x48, 0x89, 0x54, 0x24, 0x38, 0x48, 0x8B,
    0x4C, 0x24, 0x40, 0x48, 0x8D, 0x15, 0xB2, 0x0E, 0x00, 0x00, 0xE8, 0x61, 0xFF, 0xFF, 0xFF, 0x48,
    0x8B, 0x4C, 0x24, 0x40, 0x48, 0x8B, 0x54, 0x24, 0x38, 0xE8, 0x82, 0x02, 0x00, 0x00, 0x48, 0x8B,
    0x4C, 0x24, 0x40, 0x48, 0x8D, 0x15, 0xA2, 0x0E, 0x00, 0x00, 0xE8, 0x41, 0xFF, 0xFF, 0xFF, 0x48,
    0x8B, 0x44, 0x24, 0x38, 0x48, 0x89, 0x44, 0x24, 0x30, 0xC7, 0x44, 0x24, 0x2C, 0x01, 0x00, 0x00,
    0x00, 0x48, 0x8B, 0x44, 0x24, 0x30, 0x48, 0x83, 0xE0, 0x01, 0x48, 0x83, 0xF8, 0x00, 0x75, 0x3E,
    0x83, 0x7C, 0x24, 0x2C, 0x00, 0x75, 0x11, 0x48, 0x8B, 0x4C, 0x24, 0x40, 0x48, 0x8D, 0x15, 0x6C,
    0x0E, 0x00, 0x00, 0xE8, 0x08, 0xFF, 0xFF, 0xFF, 0x48, 0x8B, 0x4C, 0x24, 0x40, 0xBA, 0x02, 0x00,
    0x00, 0x00, 0xE8, 0x29, 0x02, 0x00, 0x00, 0xC7, 0x44, 0x24, 0x2C, 0x00, 0x00, 0x00, 0x00, 0x48,
    0x8B, 0x44, 0x24, 0x30, 0x48, 0xD1, 0xE8, 0x48, 0x89, 0x44, 0x24, 0x30, 0xEB, 0xB3, 0x48, 0xC7,
    0x44, 0x24, 0x20, 0x03, 0x00, 0x00, 0x00, 0x48, 0x8B, 0x44, 0x24, 0x20, 0x48, 0x0F, 0xAF, 0x44,
    0x24, 0x20, 0x48, 0x3B, 0x44, 0x24, 0x30, 0x77, 0x6D, 0xEB, 0x00, 0x48, 0x8B, 0x44, 0x24, 0x30,
    0x31, 0xC9, 0x89, 0xCA, 0x48, 0xF7, 0x74, 0x24, 0x20, 0x48, 0x83, 0xFA, 0x00, 0x75, 0x45, 0x83,
    0x7C, 0x24, 0x2C, 0x00, 0x75, 0x11, 0x48, 0x8B, 0x4C, 0x24, 0x40, 0x48, 0x8D, 0x15, 0xFD, 0x0D,
    0x00, 0x00, 0xE8, 0x99, 0xFE, 0xFF, 0xFF, 0x48, 0x8B, 0x4C, 0x24, 0x40, 0x48, 0x8B, 0x54, 0x24,
    0x20, 0xE8, 0xBA, 0x01, 0x00, 0x00, 0xC7, 0x44, 0x24, 0x2C, 0x00, 0x00, 0x00, 0x00, 0x48, 0x8B,
    0x4C, 0x24, 0x20, 0x48, 0x8B, 0x44, 0x24, 0x30, 0x31, 0xD2, 0x48, 0xF7, 0xF1, 0x48, 0x89, 0x44,
    0x24, 0x30, 0xEB, 0xA7, 0xEB, 0x00, 0x48, 0x8B, 0x44, 0x24, 0x20, 0x48, 0x83, 0xC0, 0x02, 0x48,
    0x89, 0x44, 0x24, 0x20, 0xEB, 0x81, 0x48, 0x83, 0x7C, 0x24, 0x30, 0x01, 0x76, 0x27, 0x83, 0x7C,
    0x24, 0x2C, 0x00, 0x75, 0x11, 0x48, 0x8B, 0x4C, 0x24, 0x40, 0x48, 0x8D, 0x15, 0x9E, 0x0D, 0x00,
    0x00, 0xE8, 0x3A, 0xFE, 0xFF, 0xFF, 0x48, 0x8B, 0x4C, 0x24, 0x40, 0x48, 0x8B, 0x54, 0x24, 0x30,
    0xE8, 0x5B, 0x01, 0x00, 0x00, 0x48, 0x8B, 0x4C, 0x24, 0x40, 0x48, 0x8D, 0x15, 0x7A, 0x0C, 0x00,
    0x00, 0xE8, 0x1A, 0xFE, 0xFF, 0xFF, 0x90, 0x48, 0x83, 0xC4, 0x48, 0xC3, 0x0F, 0x1F, 0x40, 0x00,
    0x48, 0x83, 0xEC, 0x58, 0x48, 0x89, 0x4C, 0x24, 0x50, 0x48, 0x89, 0x54, 0x24, 0x48, 0x48, 0x8B,
    0x4C, 0x24, 0x50, 0x48, 0x8D, 0x15, 0x59, 0x0D, 0x00, 0x00, 0xE8, 0xF1, 0xFD, 0xFF, 0xFF, 0x48,
    0x8B, 0x4C, 0x24, 0x50, 0x48, 0x8B, 0x54, 0x24, 0x48, 0xE8, 0x12, 0x01, 0x00, 0x00, 0x48, 0x8B,
    0x4C, 0x24, 0x50, 0x48, 0x8D, 0x15, 0x57, 0x0D, 0x00, 0x00, 0xE8, 0xD1, 0xFD, 0xFF, 0xFF, 0x48,
    0x8B, 0x44, 0x24, 0x48, 0x48, 0x89, 0x44, 0x24, 0x40, 0x48, 0xC7, 0x44, 0x24, 0x38, 0x00, 0x00,
    0x00, 0x00, 0x48, 0x8B, 0x44, 0x24, 0x48, 0x48, 0x89, 0x44, 0x24, 0x30, 0x31, 0xC0, 0x48, 0x83,
    0x7C, 0x24, 0x40, 0x01, 0x88, 0x44, 0x24, 0x2F, 0x74, 0x10, 0x48, 0x81, 0x7C, 0x24, 0x38, 0x10,
    0x27, 0x00, 0x00, 0x0F, 0x92, 0xC0, 0x88, 0x44, 0x24, 0x2F, 0x8A, 0x44, 0x24, 0x2F, 0xA8, 0x01,
    0x75, 0x02, 0xEB, 0x53, 0x48, 0x8B, 0x44, 0x24, 0x40, 0x48, 0x83, 0xE0, 0x01, 0x48, 0x83, 0xF8,
    0x00, 0x74, 0x11, 0x48, 0x6B, 0x44, 0x24, 0x40, 0x03, 0x48, 0x83, 0xC0, 0x01, 0x48, 0x89, 0x44,
    0x24, 0x40, 0xEB, 0x0D, 0x48, 0x8B, 0x44, 0x24, 0x40, 0x48, 0xD1, 0xE8, 0x48, 0x89, 0x44, 0x24,
    0x40, 0x48, 0x8B, 0x44, 0x24, 0x40, 0x48, 0x3B, 0x44, 0x24, 0x30, 0x76, 0x0A, 0x48, 0x8B, 0x44,
    0x24, 0x40, 0x48, 0x89, 0x44, 0x24, 0x30, 0x48, 0x8B, 0x44, 0x24, 0x38, 0x48, 0x83, 0xC0, 0x01,
    0x48, 0x89, 0x44, 0x24, 0x38, 0xEB, 0x85, 0x48, 0x8B, 0x4C, 0x24, 0x50, 0x48, 0x8D, 0x15, 0xB2,
    0x0C, 0x00, 0x00, 0xE8, 0x28, 0xFD, 0xFF, 0xFF, 0x48, 0x8B, 0x4C, 0x24, 0x50, 0x48, 0x8B, 0x54,
    0x24, 0x38, 0xE8, 0x49, 0x00, 0x00, 0x00, 0x48, 0x8B, 0x4C, 0x24, 0x50, 0x48, 0x8D, 0x15, 0x68,
    0x0B, 0x00, 0x00, 0xE8, 0x08, 0xFD, 0xFF, 0xFF, 0x48, 0x8B, 0x4C, 0x24, 0x50, 0x48, 0x8D, 0x15,
    0xA1, 0x0C, 0x00, 0x00, 0xE8, 0xF7, 0xFC, 0xFF, 0xFF, 0x48, 0x8B, 0x4C, 0x24, 0x50, 0x48, 0x8B,
    0x54, 0x24, 0x30, 0xE8, 0x18, 0x00, 0x00, 0x00, 0x48, 0x8B, 0x4C, 0x24, 0x50, 0x48, 0x8D, 0x15,
    0x37, 0x0B, 0x00, 0x00, 0xE8, 0xD7, 0xFC, 0xFF, 0xFF, 0x90, 0x48, 0x83, 0xC4, 0x58, 0xC3, 0x90,
    0x48, 0x83, 0xEC, 0x68, 0x48, 0x89, 0x4C, 0x24, 0x60, 0x48, 0x89, 0x54, 0x24, 0x58, 0x48, 0x83,
    0x7C, 0x24, 0x58, 0x00, 0x75, 0x16, 0x48, 0x8B, 0x4C, 0x24, 0x60, 0x48, 0x8D, 0x15, 0x73, 0x0C,
    0x00, 0x00, 0xE8, 0xA9, 0xFC, 0xFF, 0xFF, 0xE9, 0x8B, 0x00, 0x00, 0x00, 0xC7, 0x44, 0x24, 0x2C,
    0x1E, 0x00, 0x00, 0x00, 0xC6, 0x44, 0x24, 0x4F, 0x00, 0x31, 0xC0, 0x48, 0x83, 0x7C, 0x24, 0x58,
    0x00, 0x88, 0x44, 0x24, 0x2B, 0x76, 0x0C, 0x83, 0x7C, 0x24, 0x2C, 0x00, 0x0F, 0x9D, 0xC0, 0x88,
    0x44, 0x24, 0x2B, 0x8A, 0x44, 0x24, 0x2B, 0xA8, 0x01, 0x75, 0x02, 0xEB, 0x3E, 0x48, 0x8B, 0x44,
    0x24, 0x58, 0xB9, 0x0A, 0x00, 0x00, 0x00, 0x31, 0xD2, 0x48, 0xF7, 0xF1, 0x48, 0x83, 0xC2, 0x30,
    0x88, 0xD1, 0x8B, 0x44, 0x24, 0x2C, 0x89, 0xC2, 0x83, 0xC2, 0xFF, 0x89, 0x54, 0x24, 0x2C, 0x48,
    0x98, 0x88, 0x4C, 0x04, 0x30, 0x48, 0x8B, 0x44, 0x24, 0x58, 0xB9, 0x0A, 0x00, 0x00, 0x00, 0x31,
    0xD2, 0x48, 0xF7, 0xF1, 0x48, 0x89, 0x44, 0x24, 0x58, 0xEB, 0x9E, 0x48, 0x8B, 0x4C, 0x24, 0x60,
    0x8B, 0x44, 0x24, 0x2C, 0x83, 0xC0, 0x01, 0x48, 0x98, 0x48, 0x8D, 0x54, 0x24, 0x30, 0x48, 0x01,
    0xC2, 0xE8, 0x1A, 0xFC, 0xFF, 0xFF, 0x90, 0x48, 0x83, 0xC4, 0x68, 0xC3, 0xFF, 0x25, 0xC6, 0x39,
    0x00, 0x00, 0x90, 0x90, 0xFF, 0x25, 0xB6, 0x39, 0x00, 0x00, 0x90, 0x90, 0xFF, 0x25, 0xA6, 0x39,
    0x00, 0x00, 0x90, 0x90, 0xFF, 0x25, 0x96, 0x39, 0x00, 0x00, 0x90, 0x90, 0xFF, 0x25, 0x86, 0x39,
    0x00, 0x00, 0x90, 0x90, 0xFF, 0x25, 0x76, 0x39, 0x00, 0x00, 0x90, 0x90, 0xFF, 0x25, 0x66, 0x39,
    0x00, 0x00, 0x90, 0x90, 0x66, 0x2E, 0x0F, 0x1F, 0x84, 0x00, 0x00, 0x00, 0x00, 0x00, 0x66, 0x90,
    0x00, 0x00, 0x00, 0x00, 0x00, 0x00, 0x00, 0x00, 0x00, 0x00, 0x00, 0x00, 0x00, 0x00, 0x00, 0x00,
    0x00, 0x00, 0x00, 0x00, 0x00, 0x00, 0x00, 0x00, 0x00, 0x00, 0x00, 0x00, 0x00, 0x00, 0x00, 0x00,
    0x00, 0x00, 0x00, 0x00, 0x00, 0x00, 0x00, 0x00, 0x00, 0x00, 0x00, 0x00, 0x00, 0x00, 0x00, 0x00,
    0x00, 0x00, 0x00, 0x00, 0x00, 0x00, 0x00, 0x00, 0x00, 0x00, 0x00, 0x00, 0x00, 0x00, 0x00, 0x00,
    0x00, 0x00, 0x00, 0x00, 0x00, 0x00, 0x00, 0x00, 0x00, 0x00, 0x00, 0x00, 0x00, 0x00, 0x00, 0x00,
    0x00, 0x00, 0x00, 0x00, 0x00, 0x00, 0x00, 0x00, 0x00, 0x00, 0x00, 0x00, 0x00, 0x00, 0x00, 0x00,
    0x00, 0x00, 0x00, 0x00, 0x00, 0x00, 0x00, 0x00, 0x00, 0x00, 0x00, 0x00, 0x00, 0x00, 0x00, 0x00,
    0x00, 0x00, 0x00, 0x00, 0x00, 0x00, 0x00, 0x00, 0x00, 0x00, 0x00, 0x00, 0x00, 0x00, 0x00, 0x00,
    0x00, 0x00, 0x00, 0x00, 0x00, 0x00, 0x00, 0x00, 0x00, 0x00, 0x00, 0x00, 0x00, 0x00, 0x00, 0x00,
    0x00, 0x00, 0x00, 0x00, 0x00, 0x00, 0x00, 0x00, 0x00, 0x00, 0x00, 0x00, 0x00, 0x00, 0x00, 0x00,
    0x00, 0x00, 0x00, 0x00, 0x00, 0x00, 0x00, 0x00, 0x00, 0x00, 0x00, 0x00, 0x00, 0x00, 0x00, 0x00,
    0x00, 0x00, 0x00, 0x00, 0x00, 0x00, 0x00, 0x00, 0x00, 0x00, 0x00, 0x00, 0x00, 0x00, 0x00, 0x00,
    0x00, 0x00, 0x00, 0x00, 0x00, 0x00, 0x00, 0x00, 0x00, 0x00, 0x00, 0x00, 0x00, 0x00, 0x00, 0x00,
    0x00, 0x00, 0x00, 0x00, 0x00, 0x00, 0x00, 0x00, 0x00, 0x00, 0x00, 0x00, 0x00, 0x00, 0x00, 0x00,
    0x00, 0x00, 0x00, 0x00, 0x00, 0x00, 0x00, 0x00, 0x00, 0x00, 0x00, 0x00, 0x00, 0x00, 0x00, 0x00,
    0x3D, 0x3D, 0x3D, 0x3D, 0x3D, 0x3D, 0x3D, 0x3D, 0x3D, 0x3D, 0x3D, 0x3D, 0x3D, 0x3D, 0x3D, 0x3D,
    0x3D, 0x3D, 0x3D, 0x3D, 0x3D, 0x3D, 0x3D, 0x3D, 0x3D, 0x3D, 0x3D, 0x3D, 0x3D, 0x3D, 0x3D, 0x3D,
    0x3D, 0x3D, 0x3D, 0x3D, 0x3D, 0x3D, 0x3D, 0x3D, 0x3D, 0x3D, 0x3D, 0x3D, 0x3D, 0x3D, 0x3D, 0x3D,
    0x3D, 0x3D, 0x3D, 0x3D, 0x3D, 0x3D, 0x3D, 0x3D, 0x3D, 0x3D, 0x3D, 0x3D, 0x3D, 0x3D, 0x3D, 0x3D,
    0x0D, 0x0A, 0x00, 0x20, 0x20, 0x5B, 0x57, 0x49, 0x4E, 0x33, 0x32, 0x20, 0x43, 0x41, 0x4C, 0x43,
    0x5D, 0x20, 0x48, 0x69, 0x67, 0x68, 0x2D, 0x50, 0x65, 0x72, 0x66, 0x6F, 0x72, 0x6D, 0x61, 0x6E,
    0x63, 0x65, 0x20, 0x4E, 0x75, 0x6D, 0x62, 0x65, 0x72, 0x20, 0x54, 0x68, 0x65, 0x6F, 0x72, 0x79,
    0x20, 0x26, 0x20, 0x4D, 0x61, 0x74, 0x68, 0x20, 0x45, 0x6E, 0x67, 0x69, 0x6E, 0x65, 0x20, 0x20,
    0x20, 0x20, 0x20, 0x0D, 0x0A, 0x00, 0x5B, 0x31, 0x5D, 0x20, 0x50, 0x72, 0x69, 0x6D, 0x65, 0x20,
    0x46, 0x61, 0x63, 0x74, 0x6F, 0x72, 0x69, 0x7A, 0x61, 0x74, 0x69, 0x6F, 0x6E, 0x20, 0x45, 0x6E,
    0x67, 0x69, 0x6E, 0x65, 0x3A, 0x0D, 0x0A, 0x00, 0x0D, 0x0A, 0x5B, 0x32, 0x5D, 0x20, 0x43, 0x6F,
    0x6C, 0x6C, 0x61, 0x74, 0x7A, 0x20, 0x33, 0x6E, 0x2B, 0x31, 0x20, 0x54, 0x72, 0x61, 0x6A, 0x65,
    0x63, 0x74, 0x6F, 0x72, 0x79, 0x20, 0x41, 0x6E, 0x61, 0x6C, 0x79, 0x73, 0x69, 0x73, 0x3A, 0x0D,
    0x0A, 0x00, 0x0D, 0x0A, 0x5B, 0x33, 0x5D, 0x20, 0x44, 0x79, 0x6E, 0x61, 0x6D, 0x69, 0x63, 0x20,
    0x48, 0x65, 0x61, 0x70, 0x20, 0x41, 0x6C, 0x6C, 0x6F, 0x63, 0x61, 0x74, 0x69, 0x6F, 0x6E, 0x20,
    0x76, 0x69, 0x61, 0x20, 0x48, 0x65, 0x61, 0x70, 0x41, 0x6C, 0x6C, 0x6F, 0x63, 0x20, 0x28, 0x35,
    0x31, 0x32, 0x20, 0x51, 0x57, 0x4F, 0x52, 0x44, 0x73, 0x29, 0x3A, 0x0D, 0x0A, 0x00, 0x20, 0x20,
    0x20, 0x20, 0x46, 0x69, 0x62, 0x6F, 0x6E, 0x61, 0x63, 0x63, 0x69, 0x28, 0x34, 0x35, 0x29, 0x20,
    0x63, 0x6F, 0x6D, 0x70, 0x75, 0x74, 0x65, 0x64, 0x20, 0x69, 0x6E, 0x20, 0x64, 0x79, 0x6E, 0x61,
    0x6D, 0x69, 0x63, 0x20, 0x68, 0x65, 0x61, 0x70, 0x3A, 0x20, 0x00, 0x0D, 0x0A, 0x00, 0x20, 0x20,
    0x20, 0x20, 0x46, 0x69, 0x62, 0x6F, 0x6E, 0x61, 0x63, 0x63, 0x69, 0x28, 0x34, 0x39, 0x29, 0x20,
    0x63, 0x6F, 0x6D, 0x70, 0x75, 0x74, 0x65, 0x64, 0x20, 0x69, 0x6E, 0x20, 0x64, 0x79, 0x6E, 0x61,
    0x6D, 0x69, 0x63, 0x20, 0x68, 0x65, 0x61, 0x70, 0x3A, 0x20, 0x00, 0x20, 0x20, 0x20, 0x20, 0x48,
    0x65, 0x61, 0x70, 0x20, 0x62, 0x75, 0x66, 0x66, 0x65, 0x72, 0x20, 0x73, 0x75, 0x63, 0x63, 0x65,
    0x73, 0x73, 0x66, 0x75, 0x6C, 0x6C, 0x79, 0x20, 0x72, 0x65, 0x6C, 0x65, 0x61, 0x73, 0x65, 0x64,
    0x20, 0x76, 0x69, 0x61, 0x20, 0x48, 0x65, 0x61, 0x70, 0x46, 0x72, 0x65, 0x65, 0x2E, 0x0D, 0x0A,
    0x00, 0x20, 0x20, 0x20, 0x20, 0x45, 0x72, 0x72, 0x6F, 0x72, 0x3A, 0x20, 0x48, 0x65, 0x61, 0x70,
    0x41, 0x6C, 0x6C, 0x6F, 0x63, 0x20, 0x66, 0x61, 0x69, 0x6C, 0x65, 0x64, 0x21, 0x0D, 0x0A, 0x00,
    0x0D, 0x0A, 0x5B, 0x34, 0x5D, 0x20, 0x54, 0x6F, 0x74, 0x61, 0x6C, 0x20, 0x42, 0x65, 0x6E, 0x63,
    0x68, 0x6D, 0x61, 0x72, 0x6B, 0x20, 0x43, 0x6F, 0x6D, 0x70, 0x75, 0x74, 0x65, 0x20, 0x54, 0x69,
    0x6D, 0x65, 0x3A, 0x20, 0x00, 0x20, 0x6D, 0x73, 0x0D, 0x0A, 0x00, 0x5B, 0x57, 0x49, 0x4E, 0x33,
    0x32, 0x20, 0x43, 0x41, 0x4C, 0x43, 0x5D, 0x20, 0x4D, 0x61, 0x74, 0x68, 0x20, 0x42, 0x65, 0x6E,
    0x63, 0x68, 0x6D, 0x61, 0x72, 0x6B, 0x73, 0x20, 0x43, 0x6F, 0x6D, 0x70, 0x6C, 0x65, 0x74, 0x65,
    0x64, 0x2E, 0x20, 0x45, 0x78, 0x69, 0x74, 0x69, 0x6E, 0x67, 0x20, 0x77, 0x69, 0x74, 0x68, 0x20,
    0x63, 0x6F, 0x64, 0x65, 0x20, 0x30, 0x2E, 0x2E, 0x2E, 0x0D, 0x0A, 0x00, 0x20, 0x20, 0x20, 0x20,
    0x46, 0x61, 0x63, 0x74, 0x6F, 0x72, 0x73, 0x20, 0x6F, 0x66, 0x20, 0x00, 0x3A, 0x20, 0x00, 0x20,
    0x2A, 0x20, 0x00, 0x20, 0x20, 0x20, 0x20, 0x43, 0x6F, 0x6C, 0x6C, 0x61, 0x74, 0x7A, 0x20, 0x53,
    0x65, 0x71, 0x75, 0x65, 0x6E, 0x63, 0x65, 0x20, 0x66, 0x6F, 0x72, 0x20, 0x6E, 0x20, 0x3D, 0x20,
    0x00, 0x3A, 0x0D, 0x0A, 0x00, 0x20, 0x20, 0x20, 0x20, 0x20, 0x20, 0x54, 0x6F, 0x74, 0x61, 0x6C,
    0x20, 0x53, 0x74, 0x65, 0x70, 0x73, 0x20, 0x74, 0x6F, 0x20, 0x52, 0x65, 0x61, 0x63, 0x68, 0x20,
    0x31, 0x20, 0x3A, 0x20, 0x00, 0x20, 0x20, 0x20, 0x20, 0x20, 0x20, 0x4D, 0x61, 0x78, 0x69, 0x6D,
    0x75, 0x6D, 0x20, 0x50, 0x65, 0x61, 0x6B, 0x20, 0x56, 0x61, 0x6C, 0x75, 0x65, 0x20, 0x20, 0x20,
    0x20, 0x20, 0x3A, 0x20, 0x00, 0x30, 0x00, 0x00, 0xFF, 0xFF, 0xFF, 0xFF, 0xFF, 0xFF, 0xFF, 0xFF,
    0x00, 0x00, 0x00, 0x00, 0x00, 0x00, 0x00, 0x00, 0xFF, 0xFF, 0xFF, 0xFF, 0xFF, 0xFF, 0xFF, 0xFF,
    0x00, 0x00, 0x00, 0x00, 0x00, 0x00, 0x00, 0x00, 0x00, 0x00, 0x00, 0x00, 0x00, 0x00, 0x00, 0x00,
    0x00, 0x00, 0x00, 0x00, 0x00, 0x00, 0x00, 0x00, 0x00, 0x00, 0x00, 0x00, 0x00, 0x00, 0x00, 0x00,
    0x00, 0x00, 0x00, 0x00, 0x00, 0x00, 0x00, 0x00, 0x00, 0x00, 0x00, 0x00, 0x00, 0x00, 0x00, 0x00,
    0x00, 0x00, 0x00, 0x00, 0x00, 0x00, 0x00, 0x00, 0x00, 0x00, 0x00, 0x00, 0x00, 0x00, 0x00, 0x00,
    0x00, 0x00, 0x00, 0x00, 0x00, 0x00, 0x00, 0x00, 0x00, 0x00, 0x00, 0x00, 0x00, 0x00, 0x00, 0x00,
    0x00, 0x00, 0x00, 0x00, 0x00, 0x00, 0x00, 0x00, 0x00, 0x00, 0x00, 0x00, 0x00, 0x00, 0x00, 0x00,
    0x00, 0x00, 0x00, 0x00, 0x00, 0x00, 0x00, 0x00, 0x00, 0x00, 0x00, 0x00, 0x00, 0x00, 0x00, 0x00,
    0x00, 0x00, 0x00, 0x00, 0x00, 0x00, 0x00, 0x00, 0x00, 0x00, 0x00, 0x00, 0x00, 0x00, 0x00, 0x00,
    0x00, 0x00, 0x00, 0x00, 0x00, 0x00, 0x00, 0x00, 0x00, 0x00, 0x00, 0x00, 0x00, 0x00, 0x00, 0x00,
    0x00, 0x00, 0x00, 0x00, 0x00, 0x00, 0x00, 0x00, 0x00, 0x00, 0x00, 0x00, 0x00, 0x00, 0x00, 0x00,
    0x00, 0x00, 0x00, 0x00, 0x00, 0x00, 0x00, 0x00, 0x00, 0x00, 0x00, 0x00, 0x00, 0x00, 0x00, 0x00,
    0x00, 0x00, 0x00, 0x00, 0x00, 0x00, 0x00, 0x00, 0x00, 0x00, 0x00, 0x00, 0x00, 0x00, 0x00, 0x00,
    0x00, 0x00, 0x00, 0x00, 0x00, 0x00, 0x00, 0x00, 0x00, 0x00, 0x00, 0x00, 0x00, 0x00, 0x00, 0x00,
    0x00, 0x00, 0x00, 0x00, 0x00, 0x00, 0x00, 0x00, 0x00, 0x00, 0x00, 0x00, 0x00, 0x00, 0x00, 0x00,
    0x00, 0x00, 0x00, 0x00, 0x00, 0x00, 0x00, 0x00, 0x00, 0x00, 0x00, 0x00, 0x00, 0x00, 0x00, 0x00,
    0x00, 0x00, 0x00, 0x00, 0x00, 0x00, 0x00, 0x00, 0x00, 0x00, 0x00, 0x00, 0x00, 0x00, 0x00, 0x00,
    0x00, 0x00, 0x00, 0x00, 0x00, 0x00, 0x00, 0x00, 0x00, 0x00, 0x00, 0x00, 0x00, 0x00, 0x00, 0x00,
    0x00, 0x00, 0x00, 0x00, 0x00, 0x00, 0x00, 0x00, 0x00, 0x00, 0x00, 0x00, 0x00, 0x00, 0x00, 0x00,
    0x00, 0x00, 0x00, 0x00, 0x00, 0x00, 0x00, 0x00, 0x00, 0x00, 0x00, 0x00, 0x00, 0x00, 0x00, 0x00,
    0x00, 0x00, 0x00, 0x00, 0x00, 0x00, 0x00, 0x00, 0x00, 0x00, 0x00, 0x00, 0x00, 0x00, 0x00, 0x00,
    0x00, 0x10, 0x00, 0x00, 0xDC, 0x12, 0x00, 0x00, 0x00, 0x40, 0x00, 0x00, 0xE0, 0x12, 0x00, 0x00,
    0x5A, 0x13, 0x00, 0x00, 0x08, 0x40, 0x00, 0x00, 0x60, 0x13, 0x00, 0x00, 0xCC, 0x14, 0x00, 0x00,
    0x10, 0x40, 0x00, 0x00, 0xD0, 0x14, 0x00, 0x00, 0x0F, 0x16, 0x00, 0x00, 0x18, 0x40, 0x00, 0x00,
    0x10, 0x16, 0x00, 0x00, 0xCC, 0x16, 0x00, 0x00, 0x20, 0x40, 0x00, 0x00, 0x00, 0x00, 0x00, 0x00,
    0x00, 0x00, 0x00, 0x00, 0x00, 0x00, 0x00, 0x00, 0x00, 0x00, 0x00, 0x00, 0x00, 0x00, 0x00, 0x00,
    0x00, 0x00, 0x00, 0x00, 0x00, 0x00, 0x00, 0x00, 0x00, 0x00, 0x00, 0x00, 0x00, 0x00, 0x00, 0x00,
    0x00, 0x00, 0x00, 0x00, 0x00, 0x00, 0x00, 0x00, 0x00, 0x00, 0x00, 0x00, 0x00, 0x00, 0x00, 0x00,
    0x00, 0x00, 0x00, 0x00, 0x00, 0x00, 0x00, 0x00, 0x00, 0x00, 0x00, 0x00, 0x00, 0x00, 0x00, 0x00,
    0x00, 0x00, 0x00, 0x00, 0x00, 0x00, 0x00, 0x00, 0x00, 0x00, 0x00, 0x00, 0x00, 0x00, 0x00, 0x00,
    0x00, 0x00, 0x00, 0x00, 0x00, 0x00, 0x00, 0x00, 0x00, 0x00, 0x00, 0x00, 0x00, 0x00, 0x00, 0x00,
    0x00, 0x00, 0x00, 0x00, 0x00, 0x00, 0x00, 0x00, 0x00, 0x00, 0x00, 0x00, 0x00, 0x00, 0x00, 0x00,
    0x00, 0x00, 0x00, 0x00, 0x00, 0x00, 0x00, 0x00, 0x00, 0x00, 0x00, 0x00, 0x00, 0x00, 0x00, 0x00,
    0x00, 0x00, 0x00, 0x00, 0x00, 0x00, 0x00, 0x00, 0x00, 0x00, 0x00, 0x00, 0x00, 0x00, 0x00, 0x00,
    0x00, 0x00, 0x00, 0x00, 0x00, 0x00, 0x00, 0x00, 0x00, 0x00, 0x00, 0x00, 0x00, 0x00, 0x00, 0x00,
    0x00, 0x00, 0x00, 0x00, 0x00, 0x00, 0x00, 0x00, 0x00, 0x00, 0x00, 0x00, 0x00, 0x00, 0x00, 0x00,
    0x00, 0x00, 0x00, 0x00, 0x00, 0x00, 0x00, 0x00, 0x00, 0x00, 0x00, 0x00, 0x00, 0x00, 0x00, 0x00,
    0x00, 0x00, 0x00, 0x00, 0x00, 0x00, 0x00, 0x00, 0x00, 0x00, 0x00, 0x00, 0x00, 0x00, 0x00, 0x00,
    0x00, 0x00, 0x00, 0x00, 0x00, 0x00, 0x00, 0x00, 0x00, 0x00, 0x00, 0x00, 0x00, 0x00, 0x00, 0x00,
    0x00, 0x00, 0x00, 0x00, 0x00, 0x00, 0x00, 0x00, 0x00, 0x00, 0x00, 0x00, 0x00, 0x00, 0x00, 0x00,
    0x00, 0x00, 0x00, 0x00, 0x00, 0x00, 0x00, 0x00, 0x00, 0x00, 0x00, 0x00, 0x00, 0x00, 0x00, 0x00,
    0x00, 0x00, 0x00, 0x00, 0x00, 0x00, 0x00, 0x00, 0x00, 0x00, 0x00, 0x00, 0x00, 0x00, 0x00, 0x00,
    0x00, 0x00, 0x00, 0x00, 0x00, 0x00, 0x00, 0x00, 0x00, 0x00, 0x00, 0x00, 0x00, 0x00, 0x00, 0x00,
    0x00, 0x00, 0x00, 0x00, 0x00, 0x00, 0x00, 0x00, 0x00, 0x00, 0x00, 0x00, 0x00, 0x00, 0x00, 0x00,
    0x00, 0x00, 0x00, 0x00, 0x00, 0x00, 0x00, 0x00, 0x00, 0x00, 0x00, 0x00, 0x00, 0x00, 0x00, 0x00,
    0x00, 0x00, 0x00, 0x00, 0x00, 0x00, 0x00, 0x00, 0x00, 0x00, 0x00, 0x00, 0x00, 0x00, 0x00, 0x00,
    0x00, 0x00, 0x00, 0x00, 0x00, 0x00, 0x00, 0x00, 0x00, 0x00, 0x00, 0x00, 0x00, 0x00, 0x00, 0x00,
    0x00, 0x00, 0x00, 0x00, 0x00, 0x00, 0x00, 0x00, 0x00, 0x00, 0x00, 0x00, 0x00, 0x00, 0x00, 0x00,
    0x00, 0x00, 0x00, 0x00, 0x00, 0x00, 0x00, 0x00, 0x00, 0x00, 0x00, 0x00, 0x00, 0x00, 0x00, 0x00,
    0x00, 0x00, 0x00, 0x00, 0x00, 0x00, 0x00, 0x00, 0x00, 0x00, 0x00, 0x00, 0x00, 0x00, 0x00, 0x00,
    0x00, 0x00, 0x00, 0x00, 0x00, 0x00, 0x00, 0x00, 0x00, 0x00, 0x00, 0x00, 0x00, 0x00, 0x00, 0x00,
    0x00, 0x00, 0x00, 0x00, 0x00, 0x00, 0x00, 0x00, 0x00, 0x00, 0x00, 0x00, 0x00, 0x00, 0x00, 0x00,
    0x00, 0x00, 0x00, 0x00, 0x00, 0x00, 0x00, 0x00, 0x00, 0x00, 0x00, 0x00, 0x00, 0x00, 0x00, 0x00,
    0x01, 0x04, 0x01, 0x00, 0x04, 0xC2, 0x00, 0x00, 0x01, 0x04, 0x01, 0x00, 0x04, 0x82, 0x00, 0x00,
    0x01, 0x04, 0x01, 0x00, 0x04, 0x82, 0x00, 0x00, 0x01, 0x04, 0x01, 0x00, 0x04, 0xA2, 0x00, 0x00,
    0x01, 0x04, 0x01, 0x00, 0x04, 0xC2, 0x00, 0x00, 0x00, 0x00, 0x00, 0x00, 0x00, 0x00, 0x00, 0x00,
    0x00, 0x00, 0x00, 0x00, 0x00, 0x00, 0x00, 0x00, 0x00, 0x00, 0x00, 0x00, 0x00, 0x00, 0x00, 0x00,
    0x00, 0x00, 0x00, 0x00, 0x00, 0x00, 0x00, 0x00, 0x00, 0x00, 0x00, 0x00, 0x00, 0x00, 0x00, 0x00,
    0x00, 0x00, 0x00, 0x00, 0x00, 0x00, 0x00, 0x00, 0x00, 0x00, 0x00, 0x00, 0x00, 0x00, 0x00, 0x00,
    0x00, 0x00, 0x00, 0x00, 0x00, 0x00, 0x00, 0x00, 0x00, 0x00, 0x00, 0x00, 0x00, 0x00, 0x00, 0x00,
    0x00, 0x00, 0x00, 0x00, 0x00, 0x00, 0x00, 0x00, 0x00, 0x00, 0x00, 0x00, 0x00, 0x00, 0x00, 0x00,
    0x00, 0x00, 0x00, 0x00, 0x00, 0x00, 0x00, 0x00, 0x00, 0x00, 0x00, 0x00, 0x00, 0x00, 0x00, 0x00,
    0x00, 0x00, 0x00, 0x00, 0x00, 0x00, 0x00, 0x00, 0x00, 0x00, 0x00, 0x00, 0x00, 0x00, 0x00, 0x00,
    0x00, 0x00, 0x00, 0x00, 0x00, 0x00, 0x00, 0x00, 0x00, 0x00, 0x00, 0x00, 0x00, 0x00, 0x00, 0x00,
    0x00, 0x00, 0x00, 0x00, 0x00, 0x00, 0x00, 0x00, 0x00, 0x00, 0x00, 0x00, 0x00, 0x00, 0x00, 0x00,
    0x00, 0x00, 0x00, 0x00, 0x00, 0x00, 0x00, 0x00, 0x00, 0x00, 0x00, 0x00, 0x00, 0x00, 0x00, 0x00,
    0x00, 0x00, 0x00, 0x00, 0x00, 0x00, 0x00, 0x00, 0x00, 0x00, 0x00, 0x00, 0x00, 0x00, 0x00, 0x00,
    0x00, 0x00, 0x00, 0x00, 0x00, 0x00, 0x00, 0x00, 0x00, 0x00, 0x00, 0x00, 0x00, 0x00, 0x00, 0x00,
    0x00, 0x00, 0x00, 0x00, 0x00, 0x00, 0x00, 0x00, 0x00, 0x00, 0x00, 0x00, 0x00, 0x00, 0x00, 0x00,
    0x00, 0x00, 0x00, 0x00, 0x00, 0x00, 0x00, 0x00, 0x00, 0x00, 0x00, 0x00, 0x00, 0x00, 0x00, 0x00,
    0x00, 0x00, 0x00, 0x00, 0x00, 0x00, 0x00, 0x00, 0x00, 0x00, 0x00, 0x00, 0x00, 0x00, 0x00, 0x00,
    0x00, 0x00, 0x00, 0x00, 0x00, 0x00, 0x00, 0x00, 0x00, 0x00, 0x00, 0x00, 0x00, 0x00, 0x00, 0x00,
    0x00, 0x00, 0x00, 0x00, 0x00, 0x00, 0x00, 0x00, 0x00, 0x00, 0x00, 0x00, 0x00, 0x00, 0x00, 0x00,
    0x00, 0x00, 0x00, 0x00, 0x00, 0x00, 0x00, 0x00, 0x00, 0x00, 0x00, 0x00, 0x00, 0x00, 0x00, 0x00,
    0x00, 0x00, 0x00, 0x00, 0x00, 0x00, 0x00, 0x00, 0x00, 0x00, 0x00, 0x00, 0x00, 0x00, 0x00, 0x00,
    0x00, 0x00, 0x00, 0x00, 0x00, 0x00, 0x00, 0x00, 0x00, 0x00, 0x00, 0x00, 0x00, 0x00, 0x00, 0x00,
    0x00, 0x00, 0x00, 0x00, 0x00, 0x00, 0x00, 0x00, 0x00, 0x00, 0x00, 0x00, 0x00, 0x00, 0x00, 0x00,
    0x00, 0x00, 0x00, 0x00, 0x00, 0x00, 0x00, 0x00, 0x00, 0x00, 0x00, 0x00, 0x00, 0x00, 0x00, 0x00,
    0x00, 0x00, 0x00, 0x00, 0x00, 0x00, 0x00, 0x00, 0x00, 0x00, 0x00, 0x00, 0x00, 0x00, 0x00, 0x00,
    0x00, 0x00, 0x00, 0x00, 0x00, 0x00, 0x00, 0x00, 0x00, 0x00, 0x00, 0x00, 0x00, 0x00, 0x00, 0x00,
    0x00, 0x00, 0x00, 0x00, 0x00, 0x00, 0x00, 0x00, 0x00, 0x00, 0x00, 0x00, 0x00, 0x00, 0x00, 0x00,
    0x00, 0x00, 0x00, 0x00, 0x00, 0x00, 0x00, 0x00, 0x00, 0x00, 0x00, 0x00, 0x00, 0x00, 0x00, 0x00,
    0x00, 0x00, 0x00, 0x00, 0x00, 0x00, 0x00, 0x00, 0x00, 0x00, 0x00, 0x00, 0x00, 0x00, 0x00, 0x00,
    0x00, 0x00, 0x00, 0x00, 0x00, 0x00, 0x00, 0x00, 0x00, 0x00, 0x00, 0x00, 0x00, 0x00, 0x00, 0x00,
    0x00, 0x00, 0x00, 0x00, 0x00, 0x00, 0x00, 0x00, 0x00, 0x00, 0x00, 0x00, 0x00, 0x00, 0x00, 0x00,
    0x28, 0x50, 0x00, 0x00, 0x00, 0x00, 0x00, 0x00, 0x00, 0x00, 0x00, 0x00, 0x2C, 0x51, 0x00, 0x00,
    0x68, 0x50, 0x00, 0x00, 0x00, 0x00, 0x00, 0x00, 0x00, 0x00, 0x00, 0x00, 0x00, 0x00, 0x00, 0x00,
    0x00, 0x00, 0x00, 0x00, 0x00, 0x00, 0x00, 0x00, 0xA8, 0x50, 0x00, 0x00, 0x00, 0x00, 0x00, 0x00,
    0xB6, 0x50, 0x00, 0x00, 0x00, 0x00, 0x00, 0x00, 0xC8, 0x50, 0x00, 0x00, 0x00, 0x00, 0x00, 0x00,
    0xD8, 0x50, 0x00, 0x00, 0x00, 0x00, 0x00, 0x00, 0xEA, 0x50, 0x00, 0x00, 0x00, 0x00, 0x00, 0x00,
    0xF6, 0x50, 0x00, 0x00, 0x00, 0x00, 0x00, 0x00, 0x02, 0x51, 0x00, 0x00, 0x00, 0x00, 0x00, 0x00,
    0x00, 0x00, 0x00, 0x00, 0x00, 0x00, 0x00, 0x00, 0xA8, 0x50, 0x00, 0x00, 0x00, 0x00, 0x00, 0x00,
    0xB6, 0x50, 0x00, 0x00, 0x00, 0x00, 0x00, 0x00, 0xC8, 0x50, 0x00, 0x00, 0x00, 0x00, 0x00, 0x00,
    0xD8, 0x50, 0x00, 0x00, 0x00, 0x00, 0x00, 0x00, 0xEA, 0x50, 0x00, 0x00, 0x00, 0x00, 0x00, 0x00,
    0xF6, 0x50, 0x00, 0x00, 0x00, 0x00, 0x00, 0x00, 0x02, 0x51, 0x00, 0x00, 0x00, 0x00, 0x00, 0x00,
    0x00, 0x00, 0x00, 0x00, 0x00, 0x00, 0x00, 0x00, 0x81, 0x01, 0x45, 0x78, 0x69, 0x74, 0x50, 0x72,
    0x6F, 0x63, 0x65, 0x73, 0x73, 0x00, 0xE6, 0x02, 0x47, 0x65, 0x74, 0x50, 0x72, 0x6F, 0x63, 0x65,
    0x73, 0x73, 0x48, 0x65, 0x61, 0x70, 0x00, 0x00, 0x05, 0x03, 0x47, 0x65, 0x74, 0x53, 0x74, 0x64,
    0x48, 0x61, 0x6E, 0x64, 0x6C, 0x65, 0x00, 0x00, 0x3F, 0x03, 0x47, 0x65, 0x74, 0x54, 0x69, 0x63,
    0x6B, 0x43, 0x6F, 0x75, 0x6E, 0x74, 0x36, 0x34, 0x00, 0x00, 0x7E, 0x03, 0x48, 0x65, 0x61, 0x70,
    0x41, 0x6C, 0x6C, 0x6F, 0x63, 0x00, 0x84, 0x03, 0x48, 0x65, 0x61, 0x70, 0x46, 0x72, 0x65, 0x65,
    0x00, 0x00, 0x4F, 0x06, 0x57, 0x72, 0x69, 0x74, 0x65, 0x46, 0x69, 0x6C, 0x65, 0x00, 0x00, 0x00,
    0x00, 0x50, 0x00, 0x00, 0x00, 0x50, 0x00, 0x00, 0x00, 0x50, 0x00, 0x00, 0x00, 0x50, 0x00, 0x00,
    0x00, 0x50, 0x00, 0x00, 0x00, 0x50, 0x00, 0x00, 0x00, 0x50, 0x00, 0x00, 0x4B, 0x45, 0x52, 0x4E,
    0x45, 0x4C, 0x33, 0x32, 0x2E, 0x64, 0x6C, 0x6C, 0x00, 0x00, 0x00, 0x00, 0x00, 0x00, 0x00, 0x00,
    0x00, 0x00, 0x00, 0x00, 0x00, 0x00, 0x00, 0x00, 0x00, 0x00, 0x00, 0x00, 0x00, 0x00, 0x00, 0x00,
    0x00, 0x00, 0x00, 0x00, 0x00, 0x00, 0x00, 0x00, 0x00, 0x00, 0x00, 0x00, 0x00, 0x00, 0x00, 0x00,
    0x00, 0x00, 0x00, 0x00, 0x00, 0x00, 0x00, 0x00, 0x00, 0x00, 0x00, 0x00, 0x00, 0x00, 0x00, 0x00,
    0x00, 0x00, 0x00, 0x00, 0x00, 0x00, 0x00, 0x00, 0x00, 0x00, 0x00, 0x00, 0x00, 0x00, 0x00, 0x00,
    0x00, 0x00, 0x00, 0x00, 0x00, 0x00, 0x00, 0x00, 0x00, 0x00, 0x00, 0x00, 0x00, 0x00, 0x00, 0x00,
    0x00, 0x00, 0x00, 0x00, 0x00, 0x00, 0x00, 0x00, 0x00, 0x00, 0x00, 0x00, 0x00, 0x00, 0x00, 0x00,
    0x00, 0x00, 0x00, 0x00, 0x00, 0x00, 0x00, 0x00, 0x00, 0x00, 0x00, 0x00, 0x00, 0x00, 0x00, 0x00,
    0x00, 0x00, 0x00, 0x00, 0x00, 0x00, 0x00, 0x00, 0x00, 0x00, 0x00, 0x00, 0x00, 0x00, 0x00, 0x00,
    0x00, 0x00, 0x00, 0x00, 0x00, 0x00, 0x00, 0x00, 0x00, 0x00, 0x00, 0x00, 0x00, 0x00, 0x00, 0x00,
    0x00, 0x00, 0x00, 0x00, 0x00, 0x00, 0x00, 0x00, 0x00, 0x00, 0x00, 0x00, 0x00, 0x00, 0x00, 0x00,
    0x00, 0x00, 0x00, 0x00, 0x00, 0x00, 0x00, 0x00, 0x00, 0x00, 0x00, 0x00, 0x00, 0x00, 0x00, 0x00,
    0x00, 0x00, 0x00, 0x00, 0x00, 0x00, 0x00, 0x00, 0x00, 0x00, 0x00, 0x00, 0x00, 0x00, 0x00, 0x00,
    0x2E, 0x74, 0x65, 0x78, 0x74, 0x00, 0x00, 0x00, 0x00, 0x00, 0x00, 0x00, 0x01, 0x00, 0x00, 0x00,
    0x03, 0x01, 0xCC, 0x06, 0x00, 0x00, 0x56, 0x00, 0x00, 0x00, 0x04, 0xA2, 0xFD, 0x03, 0x01, 0x00,
    0x00, 0x00, 0x00, 0x00, 0x2E, 0x78, 0x64, 0x61, 0x74, 0x61, 0x00, 0x00, 0x00, 0x00, 0x00, 0x00,
    0x04, 0x00, 0x00, 0x00, 0x03, 0x01, 0x28, 0x00, 0x00, 0x00, 0x00, 0x00, 0x00, 0x00, 0x24, 0x44,
    0x64, 0x31, 0x04, 0x00, 0x00, 0x00, 0x00, 0x00, 0x2E, 0x72, 0x64, 0x61, 0x74, 0x61, 0x00, 0x00,
    0x00, 0x00, 0x00, 0x00, 0x02, 0x00, 0x00, 0x00, 0x03, 0x01, 0xA7, 0x02, 0x00, 0x00, 0x00, 0x00,
    0x00, 0x00, 0x87, 0x59, 0x55, 0x72, 0x05, 0x00, 0x00, 0x00, 0x00, 0x00, 0x2E, 0x70, 0x64, 0x61,
    0x74, 0x61, 0x00, 0x00, 0x00, 0x00, 0x00, 0x00, 0x03, 0x00, 0x00, 0x00, 0x03, 0x01, 0x3C, 0x00,
    0x00, 0x00, 0x0F, 0x00, 0x00, 0x00, 0xE3, 0xB9, 0x14, 0xB7, 0x07, 0x00, 0x00, 0x00, 0x00, 0x00,
    0x40, 0x66, 0x65, 0x61, 0x74, 0x2E, 0x30, 0x30, 0x00, 0x00, 0x00, 0x00, 0xFF, 0xFF, 0x00, 0x00,
    0x03, 0x00, 0x00, 0x00, 0x00, 0x00, 0x04, 0x00, 0x00, 0x00, 0x00, 0x00, 0x00, 0x00, 0x01, 0x00,
    0x20, 0x00, 0x02, 0x00, 0x00, 0x00, 0x00, 0x00, 0x13, 0x00, 0x00, 0x00, 0xE0, 0x02, 0x00, 0x00,
    0x01, 0x00, 0x20, 0x00, 0x03, 0x00, 0x00, 0x00, 0x00, 0x00, 0x1D, 0x00, 0x00, 0x00, 0x60, 0x03,
    0x00, 0x00, 0x01, 0x00, 0x20, 0x00, 0x03, 0x00, 0x00, 0x00, 0x00, 0x00, 0x27, 0x00, 0x00, 0x00,
    0xD0, 0x04, 0x00, 0x00, 0x01, 0x00, 0x20, 0x00, 0x03, 0x00, 0x00, 0x00, 0x00, 0x00, 0x38, 0x00,
    0x00, 0x00, 0x10, 0x06, 0x00, 0x00, 0x01, 0x00, 0x20, 0x00, 0x03, 0x00, 0x2E, 0x66, 0x69, 0x6C,
    0x65, 0x00, 0x00, 0x00, 0x41, 0x00, 0x00, 0x00, 0xFE, 0xFF, 0x00, 0x00, 0x67, 0x01, 0x77, 0x69,
    0x6E, 0x5F, 0x63, 0x61, 0x6C, 0x63, 0x2E, 0x63, 0x00, 0x00, 0x00, 0x00, 0x00, 0x00, 0x00, 0x00,
    0x2E, 0x74, 0x65, 0x78, 0x74, 0x00, 0x00, 0x00, 0xCC, 0x06, 0x00, 0x00, 0x01, 0x00, 0x00, 0x00,
    0x03, 0x00, 0x2E, 0x64, 0x61, 0x74, 0x61, 0x00, 0x00, 0x00, 0x00, 0x00, 0x00, 0x00, 0x00, 0x00,
    0x00, 0x00, 0x03, 0x00, 0x2E, 0x62, 0x73, 0x73, 0x00, 0x00, 0x00, 0x00, 0x00, 0x00, 0x00, 0x00,
    0x00, 0x00, 0x00, 0x00, 0x03, 0x00, 0x2E, 0x69, 0x64, 0x61, 0x74, 0x61, 0x24, 0x37, 0x28, 0x01,
    0x00, 0x00, 0x05, 0x00, 0x00, 0x00, 0x03, 0x00, 0x2E, 0x69, 0x64, 0x61, 0x74, 0x61, 0x24, 0x35,
    0x98, 0x00, 0x00, 0x00, 0x05, 0x00, 0x00, 0x00, 0x03, 0x00, 0x2E, 0x69, 0x64, 0x61, 0x74, 0x61,
    0x24, 0x34, 0x58, 0x00, 0x00, 0x00, 0x05, 0x00, 0x00, 0x00, 0x03, 0x00, 0x2E, 0x69, 0x64, 0x61,
    0x74, 0x61, 0x24, 0x36, 0x02, 0x01, 0x00, 0x00, 0x05, 0x00, 0x00, 0x00, 0x03, 0x00, 0x2E, 0x74,
    0x65, 0x78, 0x74, 0x00, 0x00, 0x00, 0xD4, 0x06, 0x00, 0x00, 0x01, 0x00, 0x00, 0x00, 0x03, 0x00,
    0x2E, 0x64, 0x61, 0x74, 0x61, 0x00, 0x00, 0x00, 0x00, 0x00, 0x00, 0x00, 0x00, 0x00, 0x00, 0x00,
    0x03, 0x00, 0x2E, 0x62, 0x73, 0x73, 0x00, 0x00, 0x00, 0x00, 0x00, 0x00, 0x00, 0x00, 0x00, 0x00,
    0x00, 0x00, 0x03, 0x00, 0x2E, 0x69, 0x64, 0x61, 0x74, 0x61, 0x24, 0x37, 0x24, 0x01, 0x00, 0x00,
    0x05, 0x00, 0x00, 0x00, 0x03, 0x00, 0x2E, 0x69, 0x64, 0x61, 0x74, 0x61, 0x24, 0x35, 0x90, 0x00,
    0x00, 0x00, 0x05, 0x00, 0x00, 0x00, 0x03, 0x00, 0x2E, 0x69, 0x64, 0x61, 0x74, 0x61, 0x24, 0x34,
    0x50, 0x00, 0x00, 0x00, 0x05, 0x00, 0x00, 0x00, 0x03, 0x00, 0x2E, 0x69, 0x64, 0x61, 0x74, 0x61,
    0x24, 0x36, 0xF6, 0x00, 0x00, 0x00, 0x05, 0x00, 0x00, 0x00, 0x03, 0x00, 0x2E, 0x74, 0x65, 0x78,
    0x74, 0x00, 0x00, 0x00, 0xDC, 0x06, 0x00, 0x00, 0x01, 0x00, 0x00, 0x00, 0x03, 0x00, 0x2E, 0x64,
    0x61, 0x74, 0x61, 0x00, 0x00, 0x00, 0x00, 0x00, 0x00, 0x00, 0x00, 0x00, 0x00, 0x00, 0x03, 0x00,
    0x2E, 0x62, 0x73, 0x73, 0x00, 0x00, 0x00, 0x00, 0x00, 0x00, 0x00, 0x00, 0x00, 0x00, 0x00, 0x00,
    0x03, 0x00, 0x2E, 0x69, 0x64, 0x61, 0x74, 0x61, 0x24, 0x37, 0x20, 0x01, 0x00, 0x00, 0x05, 0x00,
    0x00, 0x00, 0x03, 0x00, 0x2E, 0x69, 0x64, 0x61, 0x74, 0x61, 0x24, 0x35, 0x88, 0x00, 0x00, 0x00,
    0x05, 0x00, 0x00, 0x00, 0x03, 0x00, 0x2E, 0x69, 0x64, 0x61, 0x74, 0x61, 0x24, 0x34, 0x48, 0x00,
    0x00, 0x00, 0x05, 0x00, 0x00, 0x00, 0x03, 0x00, 0x2E, 0x69, 0x64, 0x61, 0x74, 0x61, 0x24, 0x36,
    0xEA, 0x00, 0x00, 0x00, 0x05, 0x00, 0x00, 0x00, 0x03, 0x00, 0x2E, 0x74, 0x65, 0x78, 0x74, 0x00,
    0x00, 0x00, 0xE4, 0x06, 0x00, 0x00, 0x01, 0x00, 0x00, 0x00, 0x03, 0x00, 0x2E, 0x64, 0x61, 0x74,
    0x61, 0x00, 0x00, 0x00, 0x00, 0x00, 0x00, 0x00, 0x00, 0x00, 0x00, 0x00, 0x03, 0x00, 0x2E, 0x62,
    0x73, 0x73, 0x00, 0x00, 0x00, 0x00, 0x00, 0x00, 0x00, 0x00, 0x00, 0x00, 0x00, 0x00, 0x03, 0x00,
    0x2E, 0x69, 0x64, 0x61, 0x74, 0x61, 0x24, 0x37, 0x1C, 0x01, 0x00, 0x00, 0x05, 0x00, 0x00, 0x00,
    0x03, 0x00, 0x2E, 0x69, 0x64, 0x61, 0x74, 0x61, 0x24, 0x35, 0x80, 0x00, 0x00, 0x00, 0x05, 0x00,
    0x00, 0x00, 0x03, 0x00, 0x2E, 0x69, 0x64, 0x61, 0x74, 0x61, 0x24, 0x34, 0x40, 0x00, 0x00, 0x00,
    0x05, 0x00, 0x00, 0x00, 0x03, 0x00, 0x2E, 0x69, 0x64, 0x61, 0x74, 0x61, 0x24, 0x36, 0xD8, 0x00,
    0x00, 0x00, 0x05, 0x00, 0x00, 0x00, 0x03, 0x00, 0x2E, 0x74, 0x65, 0x78, 0x74, 0x00, 0x00, 0x00,
    0xEC, 0x06, 0x00, 0x00, 0x01, 0x00, 0x00, 0x00, 0x03, 0x00, 0x2E, 0x64, 0x61, 0x74, 0x61, 0x00,
    0x00, 0x00, 0x00, 0x00, 0x00, 0x00, 0x00, 0x00, 0x00, 0x00, 0x03, 0x00, 0x2E, 0x62, 0x73, 0x73,
    0x00, 0x00, 0x00, 0x00, 0x00, 0x00, 0x00, 0x00, 0x00, 0x00, 0x00, 0x00, 0x03, 0x00, 0x2E, 0x69,
    0x64, 0x61, 0x74, 0x61, 0x24, 0x37, 0x18, 0x01, 0x00, 0x00, 0x05, 0x00, 0x00, 0x00, 0x03, 0x00,
    0x2E, 0x69, 0x64, 0x61, 0x74, 0x61, 0x24, 0x35, 0x78, 0x00, 0x00, 0x00, 0x05, 0x00, 0x00, 0x00,
    0x03, 0x00, 0x2E, 0x69, 0x64, 0x61, 0x74, 0x61, 0x24, 0x34, 0x38, 0x00, 0x00, 0x00, 0x05, 0x00,
    0x00, 0x00, 0x03, 0x00, 0x2E, 0x69, 0x64, 0x61, 0x74, 0x61, 0x24, 0x36, 0xC8, 0x00, 0x00, 0x00,
    0x05, 0x00, 0x00, 0x00, 0x03, 0x00, 0x2E, 0x74, 0x65, 0x78, 0x74, 0x00, 0x00, 0x00, 0xF4, 0x06,
    0x00, 0x00, 0x01, 0x00, 0x00, 0x00, 0x03, 0x00, 0x2E, 0x64, 0x61, 0x74, 0x61, 0x00, 0x00, 0x00,
    0x00, 0x00, 0x00, 0x00, 0x00, 0x00, 0x00, 0x00, 0x03, 0x00, 0x2E, 0x62, 0x73, 0x73, 0x00, 0x00,
    0x00, 0x00, 0x00, 0x00, 0x00, 0x00, 0x00, 0x00, 0x00, 0x00, 0x03, 0x00, 0x2E, 0x69, 0x64, 0x61,
    0x74, 0x61, 0x24, 0x37, 0x14, 0x01, 0x00, 0x00, 0x05, 0x00, 0x00, 0x00, 0x03, 0x00, 0x2E, 0x69,
    0x64, 0x61, 0x74, 0x61, 0x24, 0x35, 0x70, 0x00, 0x00, 0x00, 0x05, 0x00, 0x00, 0x00, 0x03, 0x00,
    0x2E, 0x69, 0x64, 0x61, 0x74, 0x61, 0x24, 0x34, 0x30, 0x00, 0x00, 0x00, 0x05, 0x00, 0x00, 0x00,
    0x03, 0x00, 0x2E, 0x69, 0x64, 0x61, 0x74, 0x61, 0x24, 0x36, 0xB6, 0x00, 0x00, 0x00, 0x05, 0x00,
    0x00, 0x00, 0x03, 0x00, 0x2E, 0x74, 0x65, 0x78, 0x74, 0x00, 0x00, 0x00, 0xFC, 0x06, 0x00, 0x00,
    0x01, 0x00, 0x00, 0x00, 0x03, 0x00, 0x2E, 0x64, 0x61, 0x74, 0x61, 0x00, 0x00, 0x00, 0x00, 0x00,
    0x00, 0x00, 0x00, 0x00, 0x00, 0x00, 0x03, 0x00, 0x2E, 0x62, 0x73, 0x73, 0x00, 0x00, 0x00, 0x00,
    0x00, 0x00, 0x00, 0x00, 0x00, 0x00, 0x00, 0x00, 0x03, 0x00, 0x2E, 0x69, 0x64, 0x61, 0x74, 0x61,
    0x24, 0x37, 0x10, 0x01, 0x00, 0x00, 0x05, 0x00, 0x00, 0x00, 0x03, 0x00, 0x2E, 0x69, 0x64, 0x61,
    0x74, 0x61, 0x24, 0x35, 0x68, 0x00, 0x00, 0x00, 0x05, 0x00, 0x00, 0x00, 0x03, 0x00, 0x2E, 0x69,
    0x64, 0x61, 0x74, 0x61, 0x24, 0x34, 0x28, 0x00, 0x00, 0x00, 0x05, 0x00, 0x00, 0x00, 0x03, 0x00,
    0x2E, 0x69, 0x64, 0x61, 0x74, 0x61, 0x24, 0x36, 0xA8, 0x00, 0x00, 0x00, 0x05, 0x00, 0x00, 0x00,
    0x03, 0x00, 0x2E, 0x66, 0x69, 0x6C, 0x65, 0x00, 0x00, 0x00, 0x4B, 0x00, 0x00, 0x00, 0xFE, 0xFF,
    0x00, 0x00, 0x67, 0x01, 0x66, 0x61, 0x6B, 0x65, 0x00, 0x00, 0x00, 0x00, 0x00, 0x00, 0x00, 0x00,
    0x00, 0x00, 0x00, 0x00, 0x00, 0x00, 0x68, 0x6E, 0x61, 0x6D, 0x65, 0x00, 0x00, 0x00, 0x28, 0x00,
    0x00, 0x00, 0x05, 0x00, 0x00, 0x00, 0x03, 0x00, 0x66, 0x74, 0x68, 0x75, 0x6E, 0x6B, 0x00, 0x00,
    0x68, 0x00, 0x00, 0x00, 0x05, 0x00, 0x00, 0x00, 0x03, 0x00, 0x2E, 0x74, 0x65, 0x78, 0x74, 0x00,
    0x00, 0x00, 0x10, 0x07, 0x00, 0x00, 0x01, 0x00, 0x00, 0x00, 0x03, 0x01, 0x00, 0x00, 0x00, 0x00,
    0x00, 0x00, 0x00, 0x00, 0x00, 0x00, 0x00, 0x00, 0x00, 0x00, 0x00, 0x00, 0x00, 0x00, 0x2E, 0x69,
    0x64, 0x61, 0x74, 0x61, 0x24, 0x32, 0x00, 0x00, 0x00, 0x00, 0x05, 0x00, 0x00, 0x00, 0x03, 0x01,
    0x14, 0x00, 0x00, 0x00, 0x03, 0x00, 0x00, 0x00, 0x00, 0x00, 0x00, 0x00, 0x00, 0x00, 0x00, 0x00,
    0x00, 0x00, 0x2E, 0x69, 0x64, 0x61, 0x74, 0x61, 0x24, 0x34, 0x28, 0x00, 0x00, 0x00, 0x05, 0x00,
    0x00, 0x00, 0x03, 0x00, 0x2E, 0x69, 0x64, 0x61, 0x74, 0x61, 0x24, 0x35, 0x68, 0x00, 0x00, 0x00,
    0x05, 0x00, 0x00, 0x00, 0x03, 0x00, 0x2E, 0x66, 0x69, 0x6C, 0x65, 0x00, 0x00, 0x00, 0x55, 0x00,
    0x00, 0x00, 0xFE, 0xFF, 0x00, 0x00, 0x67, 0x01, 0x66, 0x61, 0x6B, 0x65, 0x00, 0x00, 0x00, 0x00,
    0x00, 0x00, 0x00, 0x00, 0x00, 0x00, 0x00, 0x00, 0x00, 0x00, 0x2E, 0x74, 0x65, 0x78, 0x74, 0x00,
    0x00, 0x00, 0x10, 0x07, 0x00, 0x00, 0x01, 0x00, 0x00, 0x00, 0x03, 0x01, 0x00, 0x00, 0x00, 0x00,
    0x00, 0x00, 0x00, 0x00, 0x00, 0x00, 0x00, 0x00, 0x00, 0x00, 0x00, 0x00, 0x00, 0x00, 0x2E, 0x69,
    0x64, 0x61, 0x74, 0x61, 0x24, 0x34, 0x60, 0x00, 0x00, 0x00, 0x05, 0x00, 0x00, 0x00, 0x03, 0x01,
    0x08, 0x00, 0x00, 0x00, 0x00, 0x00, 0x00, 0x00, 0x00, 0x00, 0x00, 0x00, 0x00, 0x00, 0x00, 0x00,
    0x00, 0x00, 0x2E, 0x69, 0x64, 0x61, 0x74, 0x61, 0x24, 0x35, 0xA0, 0x00, 0x00, 0x00, 0x05, 0x00,
    0x00, 0x00, 0x03, 0x01, 0x08, 0x00, 0x00, 0x00, 0x00, 0x00, 0x00, 0x00, 0x00, 0x00, 0x00, 0x00,
    0x00, 0x00, 0x00, 0x00, 0x00, 0x00, 0x2E, 0x69, 0x64, 0x61, 0x74, 0x61, 0x24, 0x37, 0x2C, 0x01,
    0x00, 0x00, 0x05, 0x00, 0x00, 0x00, 0x03, 0x01, 0x0D, 0x00, 0x00, 0x00, 0x00, 0x00, 0x00, 0x00,
    0x00, 0x00, 0x00, 0x00, 0x00, 0x00, 0x00, 0x00, 0x00, 0x00, 0x00, 0x00, 0x00, 0x00, 0x42, 0x00,
    0x00, 0x00, 0xA8, 0x02, 0x00, 0x00, 0x02, 0x00, 0x00, 0x00, 0x02, 0x00, 0x00, 0x00, 0x00, 0x00,
    0x61, 0x00, 0x00, 0x00, 0x78, 0x00, 0x00, 0x00, 0x05, 0x00, 0x00, 0x00, 0x02, 0x00, 0x00, 0x00,
    0x00, 0x00, 0x74, 0x00, 0x00, 0x00, 0x2C, 0x01, 0x00, 0x00, 0x05, 0x00, 0x00, 0x00, 0x02, 0x00,
    0x00, 0x00, 0x00, 0x00, 0x90, 0x00, 0x00, 0x00, 0x00, 0x00, 0x00, 0x00, 0x02, 0x00, 0x00, 0x00,
    0x02, 0x00, 0x00, 0x00, 0x00, 0x00, 0x9F, 0x00, 0x00, 0x00, 0xB8, 0x02, 0x00, 0x00, 0x02, 0x00,
    0x00, 0x00, 0x02, 0x00, 0x00, 0x00, 0x00, 0x00, 0xAE, 0x00, 0x00, 0x00, 0x88, 0x00, 0x00, 0x00,
    0x05, 0x00, 0x00, 0x00, 0x02, 0x00, 0x00, 0x00, 0x00, 0x00, 0xBE, 0x00, 0x00, 0x00, 0x00, 0x00,
    0x00, 0x00, 0x01, 0x00, 0x00, 0x00, 0x02, 0x00, 0x00, 0x00, 0x00, 0x00, 0xCD, 0x00, 0x00, 0x00,
    0x00, 0x00, 0x80, 0x00, 0xFF, 0xFF, 0x00, 0x00, 0x02, 0x00, 0x00, 0x00, 0x00, 0x00, 0xD9, 0x00,
    0x00, 0x00, 0xA8, 0x02, 0x00, 0x00, 0x02, 0x00, 0x00, 0x00, 0x02, 0x00, 0x00, 0x00, 0x00, 0x00,
    0xED, 0x00, 0x00, 0x00, 0x60, 0x01, 0x00, 0x00, 0xFF, 0xFF, 0x00, 0x00, 0x02, 0x00, 0x00, 0x00,
    0x00, 0x00, 0x05, 0x01, 0x00, 0x00, 0x00, 0x10, 0x00, 0x00, 0xFF, 0xFF, 0x00, 0x00, 0x02, 0x00,
    0x00, 0x00, 0x00, 0x00, 0x1E, 0x01, 0x00, 0x00, 0x00, 0x00, 0x20, 0x00, 0xFF, 0xFF, 0x00, 0x00,
    0x02, 0x00, 0x00, 0x00, 0x00, 0x00, 0x38, 0x01, 0x00, 0x00, 0x05, 0x00, 0x00, 0x00, 0xFF, 0xFF,
    0x00, 0x00, 0x02, 0x00, 0x00, 0x00, 0x00, 0x00, 0x54, 0x01, 0x00, 0x00, 0xC8, 0x02, 0x00, 0x00,
    0x02, 0x00, 0x00, 0x00, 0x02, 0x00, 0x00, 0x00, 0x00, 0x00, 0x66, 0x01, 0x00, 0x00, 0xFC, 0x06,
    0x00, 0x00, 0x01, 0x00, 0x00, 0x00, 0x02, 0x00, 0x00, 0x00, 0x00, 0x00, 0x72, 0x01, 0x00, 0x00,
    0xC8, 0x02, 0x00, 0x00, 0x02, 0x00, 0x00, 0x00, 0x02, 0x00, 0x00, 0x00, 0x00, 0x00, 0x84, 0x01,
    0x00, 0x00, 0xDC, 0x06, 0x00, 0x00, 0x01, 0x00, 0x00, 0x00, 0x02, 0x00, 0x00, 0x00, 0x00, 0x00,
    0x8E, 0x01, 0x00, 0x00, 0xC8, 0x02, 0x00, 0x00, 0x02, 0x00, 0x00, 0x00, 0x02, 0x00, 0x00, 0x00,
    0x00, 0x00, 0x9E, 0x01, 0x00, 0x00, 0x80, 0x00, 0x00, 0x00, 0x05, 0x00, 0x00, 0x00, 0x02, 0x00,
    0x00, 0x00, 0x00, 0x00, 0xB3, 0x01, 0x00, 0x00, 0x68, 0x00, 0x00, 0x00, 0x05, 0x00, 0x00, 0x00,
    0x02, 0x00, 0x00, 0x00, 0x00, 0x00, 0xC5, 0x01, 0x00, 0x00, 0x00, 0x00, 0x00, 0x00, 0x05, 0x00,
    0x00, 0x00, 0x02, 0x00, 0x00, 0x00, 0x00, 0x00, 0xD3, 0x01, 0x00, 0x00, 0xA8, 0x02, 0x00, 0x00,
    0x02, 0x00, 0x00, 0x00, 0x02, 0x00, 0x00, 0x00, 0x00, 0x00, 0xF6, 0x01, 0x00, 0x00, 0x00, 0x10,
    0x00, 0x00, 0xFF, 0xFF, 0x00, 0x00, 0x02, 0x00, 0x00, 0x00, 0x00, 0x00, 0x0E, 0x02, 0x00, 0x00,
    0xC8, 0x02, 0x00, 0x00, 0x02, 0x00, 0x00, 0x00, 0x02, 0x00, 0x00, 0x00, 0x00, 0x00, 0x1E, 0x02,
    0x00, 0x00, 0xC8, 0x02, 0x00, 0x00, 0x02, 0x00, 0x00, 0x00, 0x02, 0x00, 0x00, 0x00, 0x00, 0x00,
    0x30, 0x02, 0x00, 0x00, 0xC8, 0x02, 0x00, 0x00, 0x02, 0x00, 0x00, 0x00, 0x02, 0x00, 0x5F, 0x5F,
    0x64, 0x6C, 0x6C, 0x5F, 0x5F, 0x00, 0x00, 0x00, 0x00, 0x00, 0xFF, 0xFF, 0x00, 0x00, 0x02, 0x00,
    0x00, 0x00, 0x00, 0x00, 0x40, 0x02, 0x00, 0x00, 0x00, 0x00, 0x00, 0x00, 0xFF, 0xFF, 0x00, 0x00,
    0x02, 0x00, 0x00, 0x00, 0x00, 0x00, 0x55, 0x02, 0x00, 0x00, 0x00, 0x00, 0x80, 0x00, 0xFF, 0xFF,
    0x00, 0x00, 0x02, 0x00, 0x00, 0x00, 0x00, 0x00, 0x64, 0x02, 0x00, 0x00, 0x00, 0x10, 0x00, 0x00,
    0xFF, 0xFF, 0x00, 0x00, 0x02, 0x00, 0x00, 0x00, 0x00, 0x00, 0x7A, 0x02, 0x00, 0x00, 0xC8, 0x02,
    0x00, 0x00, 0x02, 0x00, 0x00, 0x00, 0x02, 0x00, 0x00, 0x00, 0x00, 0x00, 0x8C, 0x02, 0x00, 0x00,
    0xA8, 0x00, 0x00, 0x00, 0x05, 0x00, 0x00, 0x00, 0x02, 0x00, 0x00, 0x00, 0x00, 0x00, 0x98, 0x02,
    0x00, 0x00, 0xA8, 0x02, 0x00, 0x00, 0x02, 0x00, 0x00, 0x00, 0x02, 0x00, 0x00, 0x00, 0x00, 0x00,
    0xB6, 0x02, 0x00, 0x00, 0x00, 0x00, 0x00, 0x00, 0x02, 0x00, 0x00, 0x00, 0x02, 0x00, 0x00, 0x00,
    0x00, 0x00, 0xC3, 0x02, 0x00, 0x00, 0xA8, 0x02, 0x00, 0x00, 0x02, 0x00, 0x00, 0x00, 0x02, 0x00,
    0x00, 0x00, 0x00, 0x00, 0xD1, 0x02, 0x00, 0x00, 0x00, 0x00, 0x00, 0x00, 0x05, 0x00, 0x00, 0x00,
    0x02, 0x00, 0x48, 0x65, 0x61, 0x70, 0x46, 0x72, 0x65, 0x65, 0xD4, 0x06, 0x00, 0x00, 0x01, 0x00,
    0x00, 0x00, 0x02, 0x00, 0x00, 0x00, 0x00, 0x00, 0xEB, 0x02, 0x00, 0x00, 0x00, 0x00, 0x00, 0x00,
    0x05, 0x00, 0x00, 0x00, 0x02, 0x00, 0x00, 0x00, 0x00, 0x00, 0xF7, 0x02, 0x00, 0x00, 0xF4, 0x06,
    0x00, 0x00, 0x01, 0x00, 0x00, 0x00, 0x02, 0x00, 0x00, 0x00, 0x00, 0x00, 0x06, 0x03, 0x00, 0x00,
    0xC8, 0x02, 0x00, 0x00, 0x02, 0x00, 0x00, 0x00, 0x02, 0x00, 0x00, 0x00, 0x00, 0x00, 0x16, 0x03,
    0x00, 0x00, 0x70, 0x00, 0x00, 0x00, 0x05, 0x00, 0x00, 0x00, 0x02, 0x00, 0x00, 0x00, 0x00, 0x00,
    0x2B, 0x03, 0x00, 0x00, 0xC8, 0x02, 0x00, 0x00, 0x02, 0x00, 0x00, 0x00, 0x02, 0x00, 0x00, 0x00,
    0x00, 0x00, 0x3D, 0x03, 0x00, 0x00, 0xA8, 0x02, 0x00, 0x00, 0x02, 0x00, 0x00, 0x00, 0x02, 0x00,
    0x00, 0x00, 0x00, 0x00, 0x4C, 0x03, 0x00, 0x00, 0x00, 0x02, 0x00, 0x00, 0xFF, 0xFF, 0x00, 0x00,
    0x02, 0x00, 0x00, 0x00, 0x00, 0x00, 0x5F, 0x03, 0x00, 0x00, 0xCC, 0x06, 0x00, 0x00, 0x01, 0x00,
    0x00, 0x00, 0x02, 0x00, 0x00, 0x00, 0x00, 0x00, 0x69, 0x03, 0x00, 0x00, 0x04, 0x00, 0x00, 0x00,
    0xFF, 0xFF, 0x00, 0x00, 0x02, 0x00, 0x00, 0x00, 0x00, 0x00, 0x7E, 0x03, 0x00, 0x00, 0x68, 0x00,
    0x00, 0x00, 0x05, 0x00, 0x00, 0x00, 0x02, 0x00, 0x5F, 0x5F, 0x65, 0x6E, 0x64, 0x5F, 0x5F, 0x00,
    0x00, 0x00, 0x00, 0x00, 0x01, 0x00, 0x00, 0x00, 0x02, 0x00, 0x00, 0x00, 0x00, 0x00, 0x8C, 0x03,
    0x00, 0x00, 0xB8, 0x02, 0x00, 0x00, 0x02, 0x00, 0x00, 0x00, 0x02, 0x00, 0x00, 0x00, 0x00, 0x00,
    0x9A, 0x03, 0x00, 0x00, 0xE4, 0x06, 0x00, 0x00, 0x01, 0x00, 0x00, 0x00, 0x02, 0x00, 0x00, 0x00,
    0x00, 0x00, 0xA9, 0x03, 0x00, 0x00, 0xA8, 0x02, 0x00, 0x00, 0x02, 0x00, 0x00, 0x00, 0x02, 0x00,
    0x00, 0x00, 0x00, 0x00, 0xCA, 0x03, 0x00, 0x00, 0x00, 0x00, 0x10, 0x00, 0xFF, 0xFF, 0x00, 0x00,
    0x02, 0x00, 0x00, 0x00, 0x00, 0x00, 0xE3, 0x03, 0x00, 0x00, 0xC8, 0x02, 0x00, 0x00, 0x02, 0x00,
    0x00, 0x00, 0x02, 0x00, 0x00, 0x00, 0x00, 0x00, 0xF5, 0x03, 0x00, 0x00, 0x03, 0x00, 0x00, 0x00,
    0xFF, 0xFF, 0x00, 0x00, 0x02, 0x00, 0x00, 0x00, 0x00, 0x00, 0x03, 0x04, 0x00, 0x00, 0x98, 0x00,
    0x00, 0x00, 0x05, 0x00, 0x00, 0x00, 0x02, 0x00, 0x00, 0x00, 0x00, 0x00, 0x13, 0x04, 0x00, 0x00,
    0xA8, 0x02, 0x00, 0x00, 0x02, 0x00, 0x00, 0x00, 0x02, 0x00, 0x00, 0x00, 0x00, 0x00, 0x32, 0x04,
    0x00, 0x00, 0x00, 0x00, 0x00, 0x00, 0x01, 0x00, 0x00, 0x00, 0x02, 0x00, 0x00, 0x00, 0x00, 0x00,
    0x3F, 0x04, 0x00, 0x00, 0x00, 0x00, 0x00, 0x00, 0xFF, 0xFF, 0x00, 0x00, 0x02, 0x00, 0x00, 0x00,
    0x00, 0x00, 0x57, 0x04, 0x00, 0x00, 0x00, 0x00, 0x00, 0x00, 0xFF, 0xFF, 0x00, 0x00, 0x02, 0x00,
    0x00, 0x00, 0x00, 0x00, 0x68, 0x04, 0x00, 0x00, 0x90, 0x00, 0x00, 0x00, 0x05, 0x00, 0x00, 0x00,
    0x02, 0x00, 0x00, 0x00, 0x00, 0x00, 0x77, 0x04, 0x00, 0x00, 0xA8, 0x02, 0x00, 0x00, 0x02, 0x00,
    0x00, 0x00, 0x02, 0x00, 0x00, 0x00, 0x00, 0x00, 0x89, 0x04, 0x00, 0x00, 0x02, 0x00, 0x00, 0x00,
    0xFF, 0xFF, 0x00, 0x00, 0x02, 0x00, 0x00, 0x00, 0x00, 0x00, 0xA5, 0x04, 0x00, 0x00, 0x00, 0x00,
    0x00, 0x00, 0xFF, 0xFF, 0x00, 0x00, 0x02, 0x00, 0x00, 0x00, 0x00, 0x00, 0xBD, 0x04, 0x00, 0x00,
    0xEC, 0x06, 0x00, 0x00, 0x01, 0x00, 0x00, 0x00, 0x02, 0x00, 0x00, 0x00, 0x00, 0x00, 0xCA, 0x04,
    0x00, 0x00, 0xA8, 0x02, 0x00, 0x00, 0x02, 0x00, 0x00, 0x00, 0x02, 0x00, 0x00, 0x00, 0x00, 0x00,
    0xEC, 0x04, 0x00, 0x00, 0xC8, 0x02, 0x00, 0x00, 0x02, 0x00, 0x00, 0x00, 0x02, 0x00, 0xFC, 0x04,
    0x00, 0x00, 0x6D, 0x61, 0x69, 0x6E, 0x43, 0x52, 0x54, 0x53, 0x74, 0x61, 0x72, 0x74, 0x75, 0x70,
    0x00, 0x70, 0x72, 0x69, 0x6E, 0x74, 0x5F, 0x73, 0x74, 0x72, 0x00, 0x66, 0x61, 0x63, 0x74, 0x6F,
    0x72, 0x69, 0x7A, 0x65, 0x00, 0x63, 0x6F, 0x6C, 0x6C, 0x61, 0x74, 0x7A, 0x5F, 0x61, 0x6E, 0x61,
    0x6C, 0x79, 0x73, 0x69, 0x73, 0x00, 0x70, 0x72, 0x69, 0x6E, 0x74, 0x5F, 0x75, 0x36, 0x34, 0x00,
    0x5F, 0x5F, 0x5F, 0x52, 0x55, 0x4E, 0x54, 0x49, 0x4D, 0x45, 0x5F, 0x50, 0x53, 0x45, 0x55, 0x44,
    0x4F, 0x5F, 0x52, 0x45, 0x4C, 0x4F, 0x43, 0x5F, 0x4C, 0x49, 0x53, 0x54, 0x5F, 0x5F, 0x00, 0x5F,
    0x5F, 0x69, 0x6D, 0x70, 0x5F, 0x47, 0x65, 0x74, 0x53, 0x74, 0x64, 0x48, 0x61, 0x6E, 0x64, 0x6C,
    0x65, 0x00, 0x5F, 0x5F, 0x6C, 0x69, 0x62, 0x36, 0x34, 0x5F, 0x6C, 0x69, 0x62, 0x6B, 0x65, 0x72,
    0x6E, 0x65, 0x6C, 0x33, 0x32, 0x5F, 0x61, 0x5F, 0x69, 0x6E, 0x61, 0x6D, 0x65, 0x00, 0x5F, 0x5F,
    0x64, 0x61, 0x74, 0x61, 0x5F, 0x73, 0x74, 0x61, 0x72, 0x74, 0x5F, 0x5F, 0x00, 0x5F, 0x5F, 0x5F,
    0x44, 0x54, 0x4F, 0x52, 0x5F, 0x4C, 0x49, 0x53, 0x54, 0x5F, 0x5F, 0x00, 0x5F, 0x5F, 0x69, 0x6D,
    0x70, 0x5F, 0x48, 0x65, 0x61, 0x70, 0x41, 0x6C, 0x6C, 0x6F, 0x63, 0x00, 0x5F, 0x5F, 0x5F, 0x74,
    0x6C, 0x73, 0x5F, 0x73, 0x74, 0x61, 0x72, 0x74, 0x5F, 0x5F, 0x00, 0x5F, 0x5F, 0x49, 0x6D, 0x61,
    0x67, 0x65, 0x42, 0x61, 0x73, 0x65, 0x00, 0x5F, 0x5F, 0x72, 0x74, 0x5F, 0x70, 0x73, 0x72, 0x65,
    0x6C, 0x6F, 0x63, 0x73, 0x5F, 0x73, 0x74, 0x61, 0x72, 0x74, 0x00, 0x5F, 0x5F, 0x64, 0x6C, 0x6C,
    0x5F, 0x63, 0x68, 0x61, 0x72, 0x61, 0x63, 0x74, 0x65, 0x72, 0x69, 0x73, 0x74, 0x69, 0x63, 0x73,
    0x5F, 0x5F, 0x00, 0x5F, 0x5F, 0x73, 0x69, 0x7A, 0x65, 0x5F, 0x6F, 0x66, 0x5F, 0x73, 0x74, 0x61,
    0x63, 0x6B, 0x5F, 0x63, 0x6F, 0x6D, 0x6D, 0x69, 0x74, 0x5F, 0x5F, 0x00, 0x5F, 0x5F, 0x73, 0x69,
    0x7A, 0x65, 0x5F, 0x6F, 0x66, 0x5F, 0x73, 0x74, 0x61, 0x63, 0x6B, 0x5F, 0x72, 0x65, 0x73, 0x65,
    0x72, 0x76, 0x65, 0x5F, 0x5F, 0x00, 0x5F, 0x5F, 0x6D, 0x61, 0x6A, 0x6F, 0x72, 0x5F, 0x73, 0x75,
    0x62, 0x73, 0x79, 0x73, 0x74, 0x65, 0x6D, 0x5F, 0x76, 0x65, 0x72, 0x73, 0x69, 0x6F, 0x6E, 0x5F,
    0x5F, 0x00, 0x5F, 0x5F, 0x5F, 0x63, 0x72, 0x74, 0x5F, 0x78, 0x6C, 0x5F, 0x73, 0x74, 0x61, 0x72,
    0x74, 0x5F, 0x5F, 0x00, 0x45, 0x78, 0x69, 0x74, 0x50, 0x72, 0x6F, 0x63, 0x65, 0x73, 0x73, 0x00,
    0x5F, 0x5F, 0x5F, 0x63, 0x72, 0x74, 0x5F, 0x78, 0x69, 0x5F, 0x73, 0x74, 0x61, 0x72, 0x74, 0x5F,
    0x5F, 0x00, 0x48, 0x65, 0x61, 0x70, 0x41, 0x6C, 0x6C, 0x6F, 0x63, 0x00, 0x5F, 0x5F, 0x5F, 0x63,
    0x72, 0x74, 0x5F, 0x78, 0x69, 0x5F, 0x65, 0x6E, 0x64, 0x5F, 0x5F, 0x00, 0x5F, 0x5F, 0x69, 0x6D,
    0x70, 0x5F, 0x47, 0x65, 0x74, 0x54, 0x69, 0x63, 0x6B, 0x43, 0x6F, 0x75, 0x6E, 0x74, 0x36, 0x34,
    0x00, 0x5F, 0x5F, 0x69, 0x6D, 0x70, 0x5F, 0x45, 0x78, 0x69, 0x74, 0x50, 0x72, 0x6F, 0x63, 0x65,
    0x73, 0x73, 0x00, 0x5F, 0x5F, 0x62, 0x73, 0x73, 0x5F, 0x73, 0x74, 0x61, 0x72, 0x74, 0x5F, 0x5F,
    0x00, 0x5F, 0x5F, 0x5F, 0x52, 0x55, 0x4E, 0x54, 0x49, 0x4D, 0x45, 0x5F, 0x50, 0x53, 0x45, 0x55,
    0x44, 0x4F, 0x5F, 0x52, 0x45, 0x4C, 0x4F, 0x43, 0x5F, 0x4C, 0x49, 0x53, 0x54, 0x5F, 0x45, 0x4E,
    0x44, 0x5F, 0x5F, 0x00, 0x5F, 0x5F, 0x73, 0x69, 0x7A, 0x65, 0x5F, 0x6F, 0x66, 0x5F, 0x68, 0x65,
    0x61, 0x70, 0x5F, 0x63, 0x6F, 0x6D, 0x6D, 0x69, 0x74, 0x5F, 0x5F, 0x00, 0x5F, 0x5F, 0x5F, 0x63,
    0x72, 0x74, 0x5F, 0x78, 0x64, 0x5F, 0x65, 0x6E, 0x64, 0x5F, 0x5F, 0x00, 0x5F, 0x5F, 0x5F, 0x63,
    0x72, 0x74, 0x5F, 0x78, 0x70, 0x5F, 0x73, 0x74, 0x61, 0x72, 0x74, 0x5F, 0x5F, 0x00, 0x5F, 0x5F,
    0x5F, 0x63, 0x72, 0x74, 0x5F, 0x78, 0x70, 0x5F, 0x65, 0x6E, 0x64, 0x5F, 0x5F, 0x00, 0x5F, 0x5F,
    0x6D, 0x69, 0x6E, 0x6F, 0x72, 0x5F, 0x6F, 0x73, 0x5F, 0x76, 0x65, 0x72, 0x73, 0x69, 0x6F, 0x6E,
    0x5F, 0x5F, 0x00, 0x5F, 0x5F, 0x69, 0x6D, 0x61, 0x67, 0x65, 0x5F, 0x62, 0x61, 0x73, 0x65, 0x5F,
    0x5F, 0x00, 0x5F, 0x5F, 0x73, 0x65, 0x63, 0x74, 0x69, 0x6F, 0x6E, 0x5F, 0x61, 0x6C, 0x69, 0x67,
    0x6E, 0x6D, 0x65, 0x6E, 0x74, 0x5F, 0x5F, 0x00, 0x5F, 0x5F, 0x5F, 0x63, 0x72, 0x74, 0x5F, 0x78,
    0x64, 0x5F, 0x73, 0x74, 0x61, 0x72, 0x74, 0x5F, 0x5F, 0x00, 0x5F, 0x5F, 0x49, 0x41, 0x54, 0x5F,
    0x65, 0x6E, 0x64, 0x5F, 0x5F, 0x00, 0x5F, 0x5F, 0x52, 0x55, 0x4E, 0x54, 0x49, 0x4D, 0x45, 0x5F,
    0x50, 0x53, 0x45, 0x55, 0x44, 0x4F, 0x5F, 0x52, 0x45, 0x4C, 0x4F, 0x43, 0x5F, 0x4C, 0x49, 0x53,
    0x54, 0x5F, 0x5F, 0x00, 0x5F, 0x5F, 0x64, 0x61, 0x74, 0x61, 0x5F, 0x65, 0x6E, 0x64, 0x5F, 0x5F,
    0x00, 0x5F, 0x5F, 0x43, 0x54, 0x4F, 0x52, 0x5F, 0x4C, 0x49, 0x53, 0x54, 0x5F, 0x5F, 0x00, 0x5F,
    0x68, 0x65, 0x61, 0x64, 0x5F, 0x6C, 0x69, 0x62, 0x36, 0x34, 0x5F, 0x6C, 0x69, 0x62, 0x6B, 0x65,
    0x72, 0x6E, 0x65, 0x6C, 0x33, 0x32, 0x5F, 0x61, 0x00, 0x5F, 0x5F, 0x62, 0x73, 0x73, 0x5F, 0x65,
    0x6E, 0x64, 0x5F, 0x5F, 0x00, 0x47, 0x65, 0x74, 0x50, 0x72, 0x6F, 0x63, 0x65, 0x73, 0x73, 0x48,
    0x65, 0x61, 0x70, 0x00, 0x5F, 0x5F, 0x5F, 0x63, 0x72, 0x74, 0x5F, 0x78, 0x63, 0x5F, 0x65, 0x6E,
    0x64, 0x5F, 0x5F, 0x00, 0x5F, 0x5F, 0x69, 0x6D, 0x70, 0x5F, 0x47, 0x65, 0x74, 0x50, 0x72, 0x6F,
    0x63, 0x65, 0x73, 0x73, 0x48, 0x65, 0x61, 0x70, 0x00, 0x5F, 0x5F, 0x5F, 0x63, 0x72, 0x74, 0x5F,
    0x78, 0x63, 0x5F, 0x73, 0x74, 0x61, 0x72, 0x74, 0x5F, 0x5F, 0x00, 0x5F, 0x5F, 0x5F, 0x43, 0x54,
    0x4F, 0x52, 0x5F, 0x4C, 0x49, 0x53, 0x54, 0x5F, 0x5F, 0x00, 0x5F, 0x5F, 0x66, 0x69, 0x6C, 0x65,
    0x5F, 0x61, 0x6C, 0x69, 0x67, 0x6E, 0x6D, 0x65, 0x6E, 0x74, 0x5F, 0x5F, 0x00, 0x57, 0x72, 0x69,
    0x74, 0x65, 0x46, 0x69, 0x6C, 0x65, 0x00, 0x5F, 0x5F, 0x6D, 0x61, 0x6A, 0x6F, 0x72, 0x5F, 0x6F,
    0x73, 0x5F, 0x76, 0x65, 0x72, 0x73, 0x69, 0x6F, 0x6E, 0x5F, 0x5F, 0x00, 0x5F, 0x5F, 0x49, 0x41,
    0x54, 0x5F, 0x73, 0x74, 0x61, 0x72, 0x74, 0x5F, 0x5F, 0x00, 0x5F, 0x5F, 0x44, 0x54, 0x4F, 0x52,
    0x5F, 0x4C, 0x49, 0x53, 0x54, 0x5F, 0x5F, 0x00, 0x47, 0x65, 0x74, 0x54, 0x69, 0x63, 0x6B, 0x43,
    0x6F, 0x75, 0x6E, 0x74, 0x36, 0x34, 0x00, 0x5F, 0x5F, 0x44, 0x45, 0x4C, 0x41, 0x59, 0x5F, 0x49,
    0x4D, 0x50, 0x4F, 0x52, 0x54, 0x5F, 0x44, 0x49, 0x52, 0x45, 0x43, 0x54, 0x4F, 0x52, 0x59, 0x5F,
    0x73, 0x74, 0x61, 0x72, 0x74, 0x5F, 0x5F, 0x00, 0x5F, 0x5F, 0x73, 0x69, 0x7A, 0x65, 0x5F, 0x6F,
    0x66, 0x5F, 0x68, 0x65, 0x61, 0x70, 0x5F, 0x72, 0x65, 0x73, 0x65, 0x72, 0x76, 0x65, 0x5F, 0x5F,
    0x00, 0x5F, 0x5F, 0x5F, 0x63, 0x72, 0x74, 0x5F, 0x78, 0x74, 0x5F, 0x73, 0x74, 0x61, 0x72, 0x74,
    0x5F, 0x5F, 0x00, 0x5F, 0x5F, 0x73, 0x75, 0x62, 0x73, 0x79, 0x73, 0x74, 0x65, 0x6D, 0x5F, 0x5F,
    0x00, 0x5F, 0x5F, 0x69, 0x6D, 0x70, 0x5F, 0x57, 0x72, 0x69, 0x74, 0x65, 0x46, 0x69, 0x6C, 0x65,
    0x00, 0x5F, 0x5F, 0x44, 0x45, 0x4C, 0x41, 0x59, 0x5F, 0x49, 0x4D, 0x50, 0x4F, 0x52, 0x54, 0x5F,
    0x44, 0x49, 0x52, 0x45, 0x43, 0x54, 0x4F, 0x52, 0x59, 0x5F, 0x65, 0x6E, 0x64, 0x5F, 0x5F, 0x00,
    0x5F, 0x5F, 0x5F, 0x74, 0x6C, 0x73, 0x5F, 0x65, 0x6E, 0x64, 0x5F, 0x5F, 0x00, 0x5F, 0x5F, 0x6D,
    0x61, 0x6A, 0x6F, 0x72, 0x5F, 0x69, 0x6D, 0x61, 0x67, 0x65, 0x5F, 0x76, 0x65, 0x72, 0x73, 0x69,
    0x6F, 0x6E, 0x5F, 0x5F, 0x00, 0x5F, 0x5F, 0x6C, 0x6F, 0x61, 0x64, 0x65, 0x72, 0x5F, 0x66, 0x6C,
    0x61, 0x67, 0x73, 0x5F, 0x5F, 0x00, 0x5F, 0x5F, 0x69, 0x6D, 0x70, 0x5F, 0x48, 0x65, 0x61, 0x70,
    0x46, 0x72, 0x65, 0x65, 0x00, 0x5F, 0x5F, 0x72, 0x74, 0x5F, 0x70, 0x73, 0x72, 0x65, 0x6C, 0x6F,
    0x63, 0x73, 0x5F, 0x65, 0x6E, 0x64, 0x00, 0x5F, 0x5F, 0x6D, 0x69, 0x6E, 0x6F, 0x72, 0x5F, 0x73,
    0x75, 0x62, 0x73, 0x79, 0x73, 0x74, 0x65, 0x6D, 0x5F, 0x76, 0x65, 0x72, 0x73, 0x69, 0x6F, 0x6E,
    0x5F, 0x5F, 0x00, 0x5F, 0x5F, 0x6D, 0x69, 0x6E, 0x6F, 0x72, 0x5F, 0x69, 0x6D, 0x61, 0x67, 0x65,
    0x5F, 0x76, 0x65, 0x72, 0x73, 0x69, 0x6F, 0x6E, 0x5F, 0x5F, 0x00, 0x47, 0x65, 0x74, 0x53, 0x74,
    0x64, 0x48, 0x61, 0x6E, 0x64, 0x6C, 0x65, 0x00, 0x5F, 0x5F, 0x52, 0x55, 0x4E, 0x54, 0x49, 0x4D,
    0x45, 0x5F, 0x50, 0x53, 0x45, 0x55, 0x44, 0x4F, 0x5F, 0x52, 0x45, 0x4C, 0x4F, 0x43, 0x5F, 0x4C,
    0x49, 0x53, 0x54, 0x5F, 0x45, 0x4E, 0x44, 0x5F, 0x5F, 0x00, 0x5F, 0x5F, 0x5F, 0x63, 0x72, 0x74,
    0x5F, 0x78, 0x74, 0x5F, 0x65, 0x6E, 0x64, 0x5F, 0x5F, 0x00,
};

const uint8_t* loader_get_sample_win_calc(size_t* out_size) {
    if (out_size) {
        *out_size = sizeof(sample_win_calc_binary);
    }
    return sample_win_calc_binary;
}

// Real 64-bit Windows PE32+ Executable: win_life.exe (8536 bytes)
alignas(16) static const uint8_t sample_win_life_binary[] = {
    0x4D, 0x5A, 0x90, 0x00, 0x03, 0x00, 0x00, 0x00, 0x04, 0x00, 0x00, 0x00, 0xFF, 0xFF, 0x00, 0x00,
    0xB8, 0x00, 0x00, 0x00, 0x00, 0x00, 0x00, 0x00, 0x40, 0x00, 0x00, 0x00, 0x00, 0x00, 0x00, 0x00,
    0x00, 0x00, 0x00, 0x00, 0x00, 0x00, 0x00, 0x00, 0x00, 0x00, 0x00, 0x00, 0x00, 0x00, 0x00, 0x00,
    0x00, 0x00, 0x00, 0x00, 0x00, 0x00, 0x00, 0x00, 0x00, 0x00, 0x00, 0x00, 0x80, 0x00, 0x00, 0x00,
    0x0E, 0x1F, 0xBA, 0x0E, 0x00, 0xB4, 0x09, 0xCD, 0x21, 0xB8, 0x01, 0x4C, 0xCD, 0x21, 0x54, 0x68,
    0x69, 0x73, 0x20, 0x70, 0x72, 0x6F, 0x67, 0x72, 0x61, 0x6D, 0x20, 0x63, 0x61, 0x6E, 0x6E, 0x6F,
    0x74, 0x20, 0x62, 0x65, 0x20, 0x72, 0x75, 0x6E, 0x20, 0x69, 0x6E, 0x20, 0x44, 0x4F, 0x53, 0x20,
    0x6D, 0x6F, 0x64, 0x65, 0x2E, 0x0D, 0x0D, 0x0A, 0x24, 0x00, 0x00, 0x00, 0x00, 0x00, 0x00, 0x00,
    0x50, 0x45, 0x00, 0x00, 0x64, 0x86, 0x06, 0x00, 0x56, 0x0D, 0x9B, 0x6A, 0x00, 0x14, 0x00, 0x00,
    0x7C, 0x00, 0x00, 0x00, 0xF0, 0x00, 0x26, 0x02, 0x0B, 0x02, 0x02, 0x2F, 0x00, 0x08, 0x00, 0x00,
    0x00, 0x08, 0x00, 0x00, 0x00, 0x06, 0x00, 0x00, 0x00, 0x10, 0x00, 0x00, 0x00, 0x10, 0x00, 0x00,
    0x00, 0x00, 0x80, 0x00, 0x00, 0x00, 0x00, 0x00, 0x00, 0x10, 0x00, 0x00, 0x00, 0x02, 0x00, 0x00,
    0x04, 0x00, 0x00, 0x00, 0x00, 0x00, 0x00, 0x00, 0x05, 0x00, 0x02, 0x00, 0x00, 0x00, 0x00, 0x00,
    0x00, 0x70, 0x00, 0x00, 0x00, 0x04, 0x00, 0x00, 0xB5, 0x8B, 0x00, 0x00, 0x03, 0x00, 0x60, 0x01,
    0x00, 0x00, 0x20, 0x00, 0x00, 0x00, 0x00, 0x00, 0x00, 0x10, 0x00, 0x00, 0x00, 0x00, 0x00, 0x00,
    0x00, 0x00, 0x10, 0x00, 0x00, 0x00, 0x00, 0x00, 0x00, 0x10, 0x00, 0x00, 0x00, 0x00, 0x00, 0x00,
    0x00, 0x00, 0x00, 0x00, 0x10, 0x00, 0x00, 0x00, 0x00, 0x00, 0x00, 0x00, 0x00, 0x00, 0x00, 0x00,
    0x00, 0x60, 0x00, 0x00, 0xB0, 0x00, 0x00, 0x00, 0x00, 0x00, 0x00, 0x00, 0x00, 0x00, 0x00, 0x00,
    0x00, 0x30, 0x00, 0x00, 0x48, 0x00, 0x00, 0x00, 0x00, 0x00, 0x00, 0x00, 0x00, 0x00, 0x00, 0x00,
    0x00, 0x00, 0x00, 0x00, 0x00, 0x00, 0x00, 0x00, 0x00, 0x00, 0x00, 0x00, 0x00, 0x00, 0x00, 0x00,
    0x00, 0x00, 0x00, 0x00, 0x00, 0x00, 0x00, 0x00, 0x00, 0x00, 0x00, 0x00, 0x00, 0x00, 0x00, 0x00,
    0x00, 0x00, 0x00, 0x00, 0x00, 0x00, 0x00, 0x00, 0x00, 0x00, 0x00, 0x00, 0x00, 0x00, 0x00, 0x00,
    0x00, 0x00, 0x00, 0x00, 0x00, 0x00, 0x00, 0x00, 0x48, 0x60, 0x00, 0x00, 0x20, 0x00, 0x00, 0x00,
    0x00, 0x00, 0x00, 0x00, 0x00, 0x00, 0x00, 0x00, 0x00, 0x00, 0x00, 0x00, 0x00, 0x00, 0x00, 0x00,
    0x00, 0x00, 0x00, 0x00, 0x00, 0x00, 0x00, 0x00, 0x2E, 0x74, 0x65, 0x78, 0x74, 0x00, 0x00, 0x00,
    0xA0, 0x06, 0x00, 0x00, 0x00, 0x10, 0x00, 0x00, 0x00, 0x08, 0x00, 0x00, 0x00, 0x04, 0x00, 0x00,
    0x00, 0x00, 0x00, 0x00, 0x00, 0x00, 0x00, 0x00, 0x00, 0x00, 0x00, 0x00, 0x20, 0x00, 0x00, 0x60,
    0x2E, 0x72, 0x64, 0x61, 0x74, 0x61, 0x00, 0x00, 0x50, 0x01, 0x00, 0x00, 0x00, 0x20, 0x00, 0x00,
    0x00, 0x02, 0x00, 0x00, 0x00, 0x0C, 0x00, 0x00, 0x00, 0x00, 0x00, 0x00, 0x00, 0x00, 0x00, 0x00,
    0x00, 0x00, 0x00, 0x00, 0x40, 0x00, 0x00, 0x40, 0x2E, 0x70, 0x64, 0x61, 0x74, 0x61, 0x00, 0x00,
    0x48, 0x00, 0x00, 0x00, 0x00, 0x30, 0x00, 0x00, 0x00, 0x02, 0x00, 0x00, 0x00, 0x0E, 0x00, 0x00,
    0x00, 0x00, 0x00, 0x00, 0x00, 0x00, 0x00, 0x00, 0x00, 0x00, 0x00, 0x00, 0x40, 0x00, 0x00, 0x40,
    0x2E, 0x78, 0x64, 0x61, 0x74, 0x61, 0x00, 0x00, 0x30, 0x00, 0x00, 0x00, 0x00, 0x40, 0x00, 0x00,
    0x00, 0x02, 0x00, 0x00, 0x00, 0x10, 0x00, 0x00, 0x00, 0x00, 0x00, 0x00, 0x00, 0x00, 0x00, 0x00,
    0x00, 0x00, 0x00, 0x00, 0x40, 0x00, 0x00, 0x40, 0x2E, 0x62, 0x73, 0x73, 0x00, 0x00, 0x00, 0x00,
    0xC0, 0x04, 0x00, 0x00, 0x00, 0x50, 0x00, 0x00, 0x00, 0x00, 0x00, 0x00, 0x00, 0x00, 0x00, 0x00,
    0x00, 0x00, 0x00, 0x00, 0x00, 0x00, 0x00, 0x00, 0x00, 0x00, 0x00, 0x00, 0x80, 0x00, 0x00, 0xC0,
    0x2E, 0x69, 0x64, 0x61, 0x74, 0x61, 0x00, 0x00, 0xB0, 0x00, 0x00, 0x00, 0x00, 0x60, 0x00, 0x00,
    0x00, 0x02, 0x00, 0x00, 0x00, 0x12, 0x00, 0x00, 0x00, 0x00, 0x00, 0x00, 0x00, 0x00, 0x00, 0x00,
    0x00, 0x00, 0x00, 0x00, 0x40, 0x00, 0x00, 0x40, 0x00, 0x00, 0x00, 0x00, 0x00, 0x00, 0x00, 0x00,
    0x00, 0x00, 0x00, 0x00, 0x00, 0x00, 0x00, 0x00, 0x00, 0x00, 0x00, 0x00, 0x00, 0x00, 0x00, 0x00,
    0x00, 0x00, 0x00, 0x00, 0x00, 0x00, 0x00, 0x00, 0x00, 0x00, 0x00, 0x00, 0x00, 0x00, 0x00, 0x00,
    0x00, 0x00, 0x00, 0x00, 0x00, 0x00, 0x00, 0x00, 0x00, 0x00, 0x00, 0x00, 0x00, 0x00, 0x00, 0x00,
    0x00, 0x00, 0x00, 0x00, 0x00, 0x00, 0x00, 0x00, 0x00, 0x00, 0x00, 0x00, 0x00, 0x00, 0x00, 0x00,
    0x00, 0x00, 0x00, 0x00, 0x00, 0x00, 0x00, 0x00, 0x00, 0x00, 0x00, 0x00, 0x00, 0x00, 0x00, 0x00,
    0x00, 0x00, 0x00, 0x00, 0x00, 0x00, 0x00, 0x00, 0x00, 0x00, 0x00, 0x00, 0x00, 0x00, 0x00, 0x00,
    0x00, 0x00, 0x00, 0x00, 0x00, 0x00, 0x00, 0x00, 0x00, 0x00, 0x00, 0x00, 0x00, 0x00, 0x00, 0x00,
    0x00, 0x00, 0x00, 0x00, 0x00, 0x00, 0x00, 0x00, 0x00, 0x00, 0x00, 0x00, 0x00, 0x00, 0x00, 0x00,
    0x00, 0x00, 0x00, 0x00, 0x00, 0x00, 0x00, 0x00, 0x00, 0x00, 0x00, 0x00, 0x00, 0x00, 0x00, 0x00,
    0x00, 0x00, 0x00, 0x00, 0x00, 0x00, 0x00, 0x00, 0x00, 0x00, 0x00, 0x00, 0x00, 0x00, 0x00, 0x00,
    0x00, 0x00, 0x00, 0x00, 0x00, 0x00, 0x00, 0x00, 0x00, 0x00, 0x00, 0x00, 0x00, 0x00, 0x00, 0x00,
    0x00, 0x00, 0x00, 0x00, 0x00, 0x00, 0x00, 0x00, 0x00, 0x00, 0x00, 0x00, 0x00, 0x00, 0x00, 0x00,
    0x00, 0x00, 0x00, 0x00, 0x00, 0x00, 0x00, 0x00, 0x00, 0x00, 0x00, 0x00, 0x00, 0x00, 0x00, 0x00,
    0x00, 0x00, 0x00, 0x00, 0x00, 0x00, 0x00, 0x00, 0x00, 0x00, 0x00, 0x00, 0x00, 0x00, 0x00, 0x00,
    0x00, 0x00, 0x00, 0x00, 0x00, 0x00, 0x00, 0x00, 0x00, 0x00, 0x00, 0x00, 0x00, 0x00, 0x00, 0x00,
    0x00, 0x00, 0x00, 0x00, 0x00, 0x00, 0x00, 0x00, 0x00, 0x00, 0x00, 0x00, 0x00, 0x00, 0x00, 0x00,
    0x00, 0x00, 0x00, 0x00, 0x00, 0x00, 0x00, 0x00, 0x00, 0x00, 0x00, 0x00, 0x00, 0x00, 0x00, 0x00,
    0x00, 0x00, 0x00, 0x00, 0x00, 0x00, 0x00, 0x00, 0x00, 0x00, 0x00, 0x00, 0x00, 0x00, 0x00, 0x00,
    0x00, 0x00, 0x00, 0x00, 0x00, 0x00, 0x00, 0x00, 0x00, 0x00, 0x00, 0x00, 0x00, 0x00, 0x00, 0x00,
    0x00, 0x00, 0x00, 0x00, 0x00, 0x00, 0x00, 0x00, 0x00, 0x00, 0x00, 0x00, 0x00, 0x00, 0x00, 0x00,
    0x00, 0x00, 0x00, 0x00, 0x00, 0x00, 0x00, 0x00, 0x00, 0x00, 0x00, 0x00, 0x00, 0x00, 0x00, 0x00,
    0x00, 0x00, 0x00, 0x00, 0x00, 0x00, 0x00, 0x00, 0x00, 0x00, 0x00, 0x00, 0x00, 0x00, 0x00, 0x00,
    0x00, 0x00, 0x00, 0x00, 0x00, 0x00, 0x00, 0x00, 0x00, 0x00, 0x00, 0x00, 0x00, 0x00, 0x00, 0x00,
    0x00, 0x00, 0x00, 0x00, 0x00, 0x00, 0x00, 0x00, 0x00, 0x00, 0x00, 0x00, 0x00, 0x00, 0x00, 0x00,
    0x48, 0x83, 0xEC, 0x48, 0xB9, 0xF5, 0xFF, 0xFF, 0xFF, 0xFF, 0x15, 0x41, 0x50, 0x00, 0x00, 0x48,
    0x89, 0x44, 0x24, 0x40, 0x48, 0x8B, 0x4C, 0x24, 0x40, 0x48, 0x8D, 0x15, 0xE0, 0x0F, 0x00, 0x00,
    0xE8, 0xAB, 0x01, 0x00, 0x00, 0x48, 0x8B, 0x4C, 0x24, 0x40, 0x48, 0x8D, 0x15, 0x12, 0x10, 0x00,
    0x00, 0xE8, 0x9A, 0x01, 0x00, 0x00, 0x48, 0x8B, 0x4C, 0x24, 0x40, 0x48, 0x8D, 0x15, 0xBE, 0x0F,
    0x00, 0x00, 0xE8, 0x89, 0x01, 0x00, 0x00, 0xC7, 0x44, 0x24, 0x3C, 0x00, 0x00, 0x00, 0x00, 0x83,
    0x7C, 0x24, 0x3C, 0x0F, 0x7D, 0x47, 0xC7, 0x44, 0x24, 0x38, 0x00, 0x00, 0x00, 0x00, 0x83, 0x7C,
    0x24, 0x38, 0x28, 0x7D, 0x29, 0x48, 0x63, 0x4C, 0x24, 0x3C, 0x48, 0x8D, 0x05, 0x8F, 0x3F, 0x00,
    0x00, 0x48, 0x6B, 0xC9, 0x28, 0x48, 0x01, 0xC8, 0x48, 0x63, 0x4C, 0x24, 0x38, 0xC6, 0x04, 0x08,
    0x00, 0x8B, 0x44, 0x24, 0x38, 0x83, 0xC0, 0x01, 0x89, 0x44, 0x24, 0x38, 0xEB, 0xD0, 0xEB, 0x00,
    0x8B, 0x44, 0x24, 0x3C, 0x83, 0xC0, 0x01, 0x89, 0x44, 0x24, 0x3C, 0xEB, 0xB2, 0xC6, 0x05, 0x86,
    0x3F, 0x00, 0x00, 0x01, 0xC6, 0x05, 0xA8, 0x3F, 0x00, 0x00, 0x01, 0xC6, 0x05, 0xC7, 0x3F, 0x00,
    0x00, 0x01, 0xC6, 0x05, 0xC1, 0x3F, 0x00, 0x00, 0x01, 0xC6, 0x05, 0xBB, 0x3F, 0x00, 0x00, 0x01,
    0xC6, 0x05, 0x7E, 0x40, 0x00, 0x00, 0x01, 0xC6, 0x05, 0x78, 0x40, 0x00, 0x00, 0x01, 0xC6, 0x05,
    0x72, 0x40, 0x00, 0x00, 0x01, 0xC6, 0x05, 0x05, 0x40, 0x00, 0x00, 0x01, 0xC6, 0x05, 0xFF, 0x3F,
    0x00, 0x00, 0x01, 0xC6, 0x05, 0x1F, 0x40, 0x00, 0x00, 0x01, 0xC6, 0x05, 0x43, 0x40, 0x00, 0x00,
    0x01, 0xC6, 0x05, 0x63, 0x40, 0x00, 0x00, 0x01, 0xC6, 0x05, 0x5D, 0x40, 0x00, 0x00, 0x01, 0xC7,
    0x44, 0x24, 0x34, 0x0E, 0x00, 0x00, 0x00, 0x48, 0x8B, 0x4C, 0x24, 0x40, 0x44, 0x8B, 0x44, 0x24,
    0x34, 0x31, 0xD2, 0xE8, 0x38, 0x01, 0x00, 0x00, 0x8B, 0x44, 0x24, 0x34, 0x89, 0x44, 0x24, 0x30,
    0xC7, 0x44, 0x24, 0x2C, 0x01, 0x00, 0x00, 0x00, 0x83, 0x7C, 0x24, 0x2C, 0x0A, 0x7F, 0x39, 0xE8,
    0x1C, 0x02, 0x00, 0x00, 0x89, 0x44, 0x24, 0x30, 0x83, 0x7C, 0x24, 0x2C, 0x05, 0x74, 0x07, 0x83,
    0x7C, 0x24, 0x2C, 0x0A, 0x75, 0x13, 0x48, 0x8B, 0x4C, 0x24, 0x40, 0x8B, 0x54, 0x24, 0x2C, 0x44,
    0x8B, 0x44, 0x24, 0x30, 0xE8, 0xF7, 0x00, 0x00, 0x00, 0xEB, 0x00, 0x8B, 0x44, 0x24, 0x2C, 0x83,
    0xC0, 0x01, 0x89, 0x44, 0x24, 0x2C, 0xEB, 0xC0, 0x48, 0x8B, 0x4C, 0x24, 0x40, 0x48, 0x8D, 0x15,
    0x8C, 0x0E, 0x00, 0x00, 0xE8, 0x57, 0x00, 0x00, 0x00, 0x48, 0x8B, 0x4C, 0x24, 0x40, 0x48, 0x8D,
    0x15, 0x01, 0x0F, 0x00, 0x00, 0xE8, 0x46, 0x00, 0x00, 0x00, 0x48, 0x8B, 0x4C, 0x24, 0x40, 0x8B,
    0x54, 0x24, 0x30, 0xE8, 0x68, 0x03, 0x00, 0x00, 0x48, 0x8B, 0x4C, 0x24, 0x40, 0x48, 0x8D, 0x15,
    0x1B, 0x0F, 0x00, 0x00, 0xE8, 0x27, 0x00, 0x00, 0x00, 0x48, 0x8B, 0x4C, 0x24, 0x40, 0x48, 0x8D,
    0x15, 0x4B, 0x0E, 0x00, 0x00, 0xE8, 0x16, 0x00, 0x00, 0x00, 0xB9, 0x07, 0x00, 0x00, 0x00, 0xFF,
    0x15, 0x83, 0x4E, 0x00, 0x00, 0x90, 0x48, 0x83, 0xC4, 0x48, 0xC3, 0x0F, 0x1F, 0x44, 0x00, 0x00,
    0x48, 0x83, 0xEC, 0x48, 0x48, 0x89, 0x4C, 0x24, 0x40, 0x48, 0x89, 0x54, 0x24, 0x38, 0x48, 0x83,
    0x7C, 0x24, 0x38, 0x00, 0x74, 0x08, 0x48, 0x83, 0x7C, 0x24, 0x40, 0x00, 0x75, 0x02, 0xEB, 0x55,
    0xC7, 0x44, 0x24, 0x34, 0x00, 0x00, 0x00, 0x00, 0x48, 0x8B, 0x44, 0x24, 0x38, 0x8B, 0x4C, 0x24,
    0x34, 0x0F, 0xBE, 0x04, 0x08, 0x83, 0xF8, 0x00, 0x74, 0x0D, 0x8B, 0x44, 0x24, 0x34, 0x83, 0xC0,
    0x01, 0x89, 0x44, 0x24, 0x34, 0xEB, 0xE1, 0xC7, 0x44, 0x24, 0x30, 0x00, 0x00, 0x00, 0x00, 0x48,
    0x8B, 0x4C, 0x24, 0x40, 0x48, 0x8B, 0x54, 0x24, 0x38, 0x44, 0x8B, 0x44, 0x24, 0x34, 0x4C, 0x8D,
    0x4C, 0x24, 0x30, 0x31, 0xC0, 0x48, 0xC7, 0x44, 0x24, 0x20, 0x00, 0x00, 0x00, 0x00, 0xFF, 0x15,
    0x14, 0x4E, 0x00, 0x00, 0x90, 0x48, 0x83, 0xC4, 0x48, 0xC3, 0x66, 0x0F, 0x1F, 0x44, 0x00, 0x00,
    0x48, 0x83, 0xEC, 0x78, 0x48, 0x89, 0x4C, 0x24, 0x70, 0x89, 0x54, 0x24, 0x6C, 0x44, 0x89, 0x44,
    0x24, 0x68, 0x48, 0x8B, 0x4C, 0x24, 0x70, 0x48, 0x8D, 0x15, 0x88, 0x0E, 0x00, 0x00, 0xE8, 0x5D,
    0xFF, 0xFF, 0xFF, 0x48, 0x8B, 0x4C, 0x24, 0x70, 0x8B, 0x54, 0x24, 0x6C, 0xE8, 0x7F, 0x02, 0x00,
    0x00, 0x48, 0x8B, 0x4C, 0x24, 0x70, 0x48, 0x8D, 0x15, 0x7A, 0x0E, 0x00, 0x00, 0xE8, 0x3E, 0xFF,
    0xFF, 0xFF, 0x48, 0x8B, 0x4C, 0x24, 0x70, 0x8B, 0x54, 0x24, 0x68, 0xE8, 0x60, 0x02, 0x00, 0x00,
    0x48, 0x8B, 0x4C, 0x24, 0x70, 0x48, 0x8D, 0x15, 0x66, 0x0E, 0x00, 0x00, 0xE8, 0x1F, 0xFF, 0xFF,
    0xFF, 0xC7, 0x44, 0x24, 0x2C, 0x00, 0x00, 0x00, 0x00, 0x83, 0x7C, 0x24, 0x2C, 0x0F, 0x0F, 0x8D,
    0x81, 0x00, 0x00, 0x00, 0xC7, 0x44, 0x24, 0x28, 0x00, 0x00, 0x00, 0x00, 0x83, 0x7C, 0x24, 0x28,
    0x28, 0x7D, 0x44, 0x48, 0x63, 0x4C, 0x24, 0x2C, 0x48, 0x8D, 0x05, 0x21, 0x3D, 0x00, 0x00, 0x48,
    0x6B, 0xC9, 0x28, 0x48, 0x01, 0xC8, 0x48, 0x63, 0x4C, 0x24, 0x28, 0x0F, 0xB6, 0x14, 0x08, 0xB8,
    0x2E, 0x00, 0x00, 0x00, 0xB9, 0x23, 0x00, 0x00, 0x00, 0x83, 0xFA, 0x00, 0x0F, 0x45, 0xC1, 0x88,
    0xC1, 0x48, 0x63, 0x44, 0x24, 0x28, 0x88, 0x4C, 0x04, 0x30, 0x8B, 0x44, 0x24, 0x28, 0x83, 0xC0,
    0x01, 0x89, 0x44, 0x24, 0x28, 0xEB, 0xB5, 0xC6, 0x44, 0x24, 0x58, 0x0D, 0xC6, 0x44, 0x24, 0x59,
    0x0A, 0xC6, 0x44, 0x24, 0x5A, 0x00, 0x48, 0x8B, 0x4C, 0x24, 0x70, 0x48, 0x8D, 0x54, 0x24, 0x30,
    0xE8, 0x9B, 0xFE, 0xFF, 0xFF, 0x8B, 0x44, 0x24, 0x2C, 0x83, 0xC0, 0x01, 0x89, 0x44, 0x24, 0x2C,
    0xE9, 0x74, 0xFF, 0xFF, 0xFF, 0x48, 0x83, 0xC4, 0x78, 0xC3, 0x66, 0x0F, 0x1F, 0x44, 0x00, 0x00,
    0x48, 0x83, 0xEC, 0x48, 0xC7, 0x44, 0x24, 0x44, 0x00, 0x00, 0x00, 0x00, 0xC7, 0x44, 0x24, 0x40,
    0x00, 0x00, 0x00, 0x00, 0x83, 0x7C, 0x24, 0x40, 0x0F, 0x0F, 0x8D, 0x11, 0x01, 0x00, 0x00, 0xC7,
    0x44, 0x24, 0x3C, 0x00, 0x00, 0x00, 0x00, 0x83, 0x7C, 0x24, 0x3C, 0x28, 0x0F, 0x8D, 0xEC, 0x00,
    0x00, 0x00, 0x8B, 0x4C, 0x24, 0x40, 0x8B, 0x54, 0x24, 0x3C, 0xE8, 0x31, 0x02, 0x00, 0x00, 0x89,
    0x44, 0x24, 0x38, 0x48, 0x63, 0x4C, 0x24, 0x40, 0x48, 0x8D, 0x05, 0x61, 0x3C, 0x00, 0x00, 0x48,
    0x6B, 0xC9, 0x28, 0x48, 0x01, 0xC8, 0x48, 0x63, 0x4C, 0x24, 0x3C, 0x8A, 0x04, 0x08, 0x88, 0x44,
    0x24, 0x37, 0x0F, 0xB6, 0x44, 0x24, 0x37, 0x83, 0xF8, 0x01, 0x75, 0x49, 0xB0, 0x01, 0x83, 0x7C,
    0x24, 0x38, 0x02, 0x88, 0x44, 0x24, 0x2B, 0x74, 0x0C, 0x83, 0x7C, 0x24, 0x38, 0x03, 0x0F, 0x94,
    0xC0, 0x88, 0x44, 0x24, 0x2B, 0x8A, 0x54, 0x24, 0x2B, 0x31, 0xC0, 0xB9, 0x01, 0x00, 0x00, 0x00,
    0xF6, 0xC2, 0x01, 0x0F, 0x45, 0xC1, 0x88, 0xC2, 0x48, 0x63, 0x4C, 0x24, 0x40, 0x48, 0x8D, 0x05,
    0x6C, 0x3E, 0x00, 0x00, 0x48, 0x6B, 0xC9, 0x28, 0x48, 0x01, 0xC8, 0x48, 0x63, 0x4C, 0x24, 0x3C,
    0x88, 0x14, 0x08, 0xEB, 0x2E, 0x8B, 0x54, 0x24, 0x38, 0x31, 0xC0, 0xB9, 0x01, 0x00, 0x00, 0x00,
    0x83, 0xFA, 0x03, 0x0F, 0x44, 0xC1, 0x88, 0xC2, 0x48, 0x63, 0x4C, 0x24, 0x40, 0x48, 0x8D, 0x05,
    0x3C, 0x3E, 0x00, 0x00, 0x48, 0x6B, 0xC9, 0x28, 0x48, 0x01, 0xC8, 0x48, 0x63, 0x4C, 0x24, 0x3C,
    0x88, 0x14, 0x08, 0x48, 0x63, 0x4C, 0x24, 0x40, 0x48, 0x8D, 0x05, 0x21, 0x3E, 0x00, 0x00, 0x48,
    0x6B, 0xC9, 0x28, 0x48, 0x01, 0xC8, 0x48, 0x63, 0x4C, 0x24, 0x3C, 0x80, 0x3C, 0x08, 0x00, 0x74,
    0x0B, 0x8B, 0x44, 0x24, 0x44, 0x83, 0xC0, 0x01, 0x89, 0x44, 0x24, 0x44, 0xEB, 0x00, 0x8B, 0x44,
    0x24, 0x3C, 0x83, 0xC0, 0x01, 0x89, 0x44, 0x24, 0x3C, 0xE9, 0x09, 0xFF, 0xFF, 0xFF, 0xEB, 0x00,
    0x8B, 0x44, 0x24, 0x40, 0x83, 0xC0, 0x01, 0x89, 0x44, 0x24, 0x40, 0xE9, 0xE4, 0xFE, 0xFF, 0xFF,
    0xC7, 0x44, 0x24, 0x30, 0x00, 0x00, 0x00, 0x00, 0x83, 0x7C, 0x24, 0x30, 0x0F, 0x7D, 0x61, 0xC7,
    0x44, 0x24, 0x2C, 0x00, 0x00, 0x00, 0x00, 0x83, 0x7C, 0x24, 0x2C, 0x28, 0x7D, 0x43, 0x48, 0x63,
    0x4C, 0x24, 0x30, 0x48, 0x8D, 0x05, 0xB6, 0x3D, 0x00, 0x00, 0x48, 0x6B, 0xC9, 0x28, 0x48, 0x01,
    0xC8, 0x48, 0x63, 0x4C, 0x24, 0x2C, 0x8A, 0x14, 0x08, 0x48, 0x63, 0x4C, 0x24, 0x30, 0x48, 0x8D,
    0x05, 0x3B, 0x3B, 0x00, 0x00, 0x48, 0x6B, 0xC9, 0x28, 0x48, 0x01, 0xC8, 0x48, 0x63, 0x4C, 0x24,
    0x2C, 0x88, 0x14, 0x08, 0x8B, 0x44, 0x24, 0x2C, 0x83, 0xC0, 0x01, 0x89, 0x44, 0x24, 0x2C, 0xEB,
    0xB6, 0xEB, 0x00, 0x8B, 0x44, 0x24, 0x30, 0x83, 0xC0, 0x01, 0x89, 0x44, 0x24, 0x30, 0xEB, 0x98,
    0x8B, 0x44, 0x24, 0x44, 0x48, 0x83, 0xC4, 0x48, 0xC3, 0x0F, 0x1F, 0x80, 0x00, 0x00, 0x00, 0x00,
    0x48, 0x83, 0xEC, 0x58, 0x48, 0x89, 0x4C, 0x24, 0x50, 0x89, 0x54, 0x24, 0x4C, 0x83, 0x7C, 0x24,
    0x4C, 0x00, 0x75, 0x16, 0x48, 0x8B, 0x4C, 0x24, 0x50, 0x48, 0x8D, 0x15, 0x0E, 0x0C, 0x00, 0x00,
    0xE8, 0xAB, 0xFC, 0xFF, 0xFF, 0xE9, 0x84, 0x00, 0x00, 0x00, 0xC7, 0x44, 0x24, 0x2C, 0x0E, 0x00,
    0x00, 0x00, 0xC6, 0x44, 0x24, 0x3F, 0x00, 0x31, 0xC0, 0x83, 0x7C, 0x24, 0x4C, 0x00, 0x88, 0x44,
    0x24, 0x2B, 0x76, 0x0C, 0x83, 0x7C, 0x24, 0x2C, 0x00, 0x0F, 0x9D, 0xC0, 0x88, 0x44, 0x24, 0x2B,
    0x8A, 0x44, 0x24, 0x2B, 0xA8, 0x01, 0x75, 0x02, 0xEB, 0x38, 0x8B, 0x44, 0x24, 0x4C, 0xB9, 0x0A,
    0x00, 0x00, 0x00, 0x31, 0xD2, 0xF7, 0xF1, 0x83, 0xC2, 0x30, 0x88, 0xD1, 0x8B, 0x44, 0x24, 0x2C,
    0x89, 0xC2, 0x83, 0xC2, 0xFF, 0x89, 0x54, 0x24, 0x2C, 0x48, 0x98, 0x88, 0x4C, 0x04, 0x30, 0x8B,
    0x44, 0x24, 0x4C, 0xB9, 0x0A, 0x00, 0x00, 0x00, 0x31, 0xD2, 0xF7, 0xF1, 0x89, 0x44, 0x24, 0x4C,
    0xEB, 0xA5, 0x48, 0x8B, 0x4C, 0x24, 0x50, 0x8B, 0x44, 0x24, 0x2C, 0x83, 0xC0, 0x01, 0x48, 0x98,
    0x48, 0x8D, 0x54, 0x24, 0x30, 0x48, 0x01, 0xC2, 0xE8, 0x23, 0xFC, 0xFF, 0xFF, 0x90, 0x48, 0x83,
    0xC4, 0x58, 0xC3, 0x66, 0x66, 0x66, 0x66, 0x2E, 0x0F, 0x1F, 0x84, 0x00, 0x00, 0x00, 0x00, 0x00,
    0x48, 0x83, 0xEC, 0x20, 0x89, 0x4C, 0x24, 0x1C, 0x89, 0x54, 0x24, 0x18, 0xC7, 0x44, 0x24, 0x14,
    0x00, 0x00, 0x00, 0x00, 0xC7, 0x44, 0x24, 0x10, 0xFF, 0xFF, 0xFF, 0xFF, 0x83, 0x7C, 0x24, 0x10,
    0x01, 0x0F, 0x8F, 0x90, 0x00, 0x00, 0x00, 0xC7, 0x44, 0x24, 0x0C, 0xFF, 0xFF, 0xFF, 0xFF, 0x83,
    0x7C, 0x24, 0x0C, 0x01, 0x7F, 0x6F, 0x83, 0x7C, 0x24, 0x10, 0x00, 0x75, 0x09, 0x83, 0x7C, 0x24,
    0x0C, 0x00, 0x75, 0x02, 0xEB, 0x52, 0x8B, 0x44, 0x24, 0x1C, 0x03, 0x44, 0x24, 0x10, 0x83, 0xC0,
    0x0F, 0xB9, 0x0F, 0x00, 0x00, 0x00, 0x99, 0xF7, 0xF9, 0x89, 0x54, 0x24, 0x08, 0x8B, 0x44, 0x24,
    0x18, 0x03, 0x44, 0x24, 0x0C, 0x83, 0xC0, 0x28, 0xB9, 0x28, 0x00, 0x00, 0x00, 0x99, 0xF7, 0xF9,
    0x89, 0x54, 0x24, 0x04, 0x48, 0x63, 0x4C, 0x24, 0x08, 0x48, 0x8D, 0x05, 0xC0, 0x39, 0x00, 0x00,
    0x48, 0x6B, 0xC9, 0x28, 0x48, 0x01, 0xC8, 0x48, 0x63, 0x4C, 0x24, 0x04, 0x0F, 0xB6, 0x04, 0x08,
    0x03, 0x44, 0x24, 0x14, 0x89, 0x44, 0x24, 0x14, 0x8B, 0x44, 0x24, 0x0C, 0x83, 0xC0, 0x01, 0x89,
    0x44, 0x24, 0x0C, 0xEB, 0x8A, 0xEB, 0x00, 0x8B, 0x44, 0x24, 0x10, 0x83, 0xC0, 0x01, 0x89, 0x44,
    0x24, 0x10, 0xE9, 0x65, 0xFF, 0xFF, 0xFF, 0x8B, 0x44, 0x24, 0x14, 0x48, 0x83, 0xC4, 0x20, 0xC3,
    0xFF, 0x25, 0xD2, 0x49, 0x00, 0x00, 0x90, 0x90, 0xFF, 0x25, 0xC2, 0x49, 0x00, 0x00, 0x90, 0x90,
    0xFF, 0x25, 0xB2, 0x49, 0x00, 0x00, 0x90, 0x90, 0x0F, 0x1F, 0x84, 0x00, 0x00, 0x00, 0x00, 0x00,
    0x00, 0x00, 0x00, 0x00, 0x00, 0x00, 0x00, 0x00, 0x00, 0x00, 0x00, 0x00, 0x00, 0x00, 0x00, 0x00,
    0x00, 0x00, 0x00, 0x00, 0x00, 0x00, 0x00, 0x00, 0x00, 0x00, 0x00, 0x00, 0x00, 0x00, 0x00, 0x00,
    0x00, 0x00, 0x00, 0x00, 0x00, 0x00, 0x00, 0x00, 0x00, 0x00, 0x00, 0x00, 0x00, 0x00, 0x00, 0x00,
    0x00, 0x00, 0x00, 0x00, 0x00, 0x00, 0x00, 0x00, 0x00, 0x00, 0x00, 0x00, 0x00, 0x00, 0x00, 0x00,
    0x00, 0x00, 0x00, 0x00, 0x00, 0x00, 0x00, 0x00, 0x00, 0x00, 0x00, 0x00, 0x00, 0x00, 0x00, 0x00,
    0x00, 0x00, 0x00, 0x00, 0x00, 0x00, 0x00, 0x00, 0x00, 0x00, 0x00, 0x00, 0x00, 0x00, 0x00, 0x00,
    0x00, 0x00, 0x00, 0x00, 0x00, 0x00, 0x00, 0x00, 0x00, 0x00, 0x00, 0x00, 0x00, 0x00, 0x00, 0x00,
    0x00, 0x00, 0x00, 0x00, 0x00, 0x00, 0x00, 0x00, 0x00, 0x00, 0x00, 0x00, 0x00, 0x00, 0x00, 0x00,
    0x00, 0x00, 0x00, 0x00, 0x00, 0x00, 0x00, 0x00, 0x00, 0x00, 0x00, 0x00, 0x00, 0x00, 0x00, 0x00,
    0x00, 0x00, 0x00, 0x00, 0x00, 0x00, 0x00, 0x00, 0x00, 0x00, 0x00, 0x00, 0x00, 0x00, 0x00, 0x00,
    0x00, 0x00, 0x00, 0x00, 0x00, 0x00, 0x00, 0x00, 0x00, 0x00, 0x00, 0x00, 0x00, 0x00, 0x00, 0x00,
    0x00, 0x00, 0x00, 0x00, 0x00, 0x00, 0x00, 0x00, 0x00, 0x00, 0x00, 0x00, 0x00, 0x00, 0x00, 0x00,
    0x00, 0x00, 0x00, 0x00, 0x00, 0x00, 0x00, 0x00, 0x00, 0x00, 0x00, 0x00, 0x00, 0x00, 0x00, 0x00,
    0x00, 0x00, 0x00, 0x00, 0x00, 0x00, 0x00, 0x00, 0x00, 0x00, 0x00, 0x00, 0x00, 0x00, 0x00, 0x00,
    0x00, 0x00, 0x00, 0x00, 0x00, 0x00, 0x00, 0x00, 0x00, 0x00, 0x00, 0x00, 0x00, 0x00, 0x00, 0x00,
    0x00, 0x00, 0x00, 0x00, 0x00, 0x00, 0x00, 0x00, 0x00, 0x00, 0x00, 0x00, 0x00, 0x00, 0x00, 0x00,
    0x00, 0x00, 0x00, 0x00, 0x00, 0x00, 0x00, 0x00, 0x00, 0x00, 0x00, 0x00, 0x00, 0x00, 0x00, 0x00,
    0x00, 0x00, 0x00, 0x00, 0x00, 0x00, 0x00, 0x00, 0x00, 0x00, 0x00, 0x00, 0x00, 0x00, 0x00, 0x00,
    0x00, 0x00, 0x00, 0x00, 0x00, 0x00, 0x00, 0x00, 0x00, 0x00, 0x00, 0x00, 0x00, 0x00, 0x00, 0x00,
    0x00, 0x00, 0x00, 0x00, 0x00, 0x00, 0x00, 0x00, 0x00, 0x00, 0x00, 0x00, 0x00, 0x00, 0x00, 0x00,
    0x00, 0x00, 0x00, 0x00, 0x00, 0x00, 0x00, 0x00, 0x00, 0x00, 0x00, 0x00, 0x00, 0x00, 0x00, 0x00,
    0x00, 0x00, 0x00, 0x00, 0x00, 0x00, 0x00, 0x00, 0x00, 0x00, 0x00, 0x00, 0x00, 0x00, 0x00, 0x00,
    0x3D, 0x3D, 0x3D, 0x3D, 0x3D, 0x3D, 0x3D, 0x3D, 0x3D, 0x3D, 0x3D, 0x3D, 0x3D, 0x3D, 0x3D, 0x3D,
    0x3D, 0x3D, 0x3D, 0x3D, 0x3D, 0x3D, 0x3D, 0x3D, 0x3D, 0x3D, 0x3D, 0x3D, 0x3D, 0x3D, 0x3D, 0x3D,
    0x3D, 0x3D, 0x3D, 0x3D, 0x3D, 0x3D, 0x3D, 0x3D, 0x3D, 0x3D, 0x3D, 0x3D, 0x3D, 0x3D, 0x3D, 0x3D,
    0x3D, 0x3D, 0x3D, 0x3D, 0x3D, 0x3D, 0x3D, 0x3D, 0x3D, 0x3D, 0x3D, 0x3D, 0x3D, 0x3D, 0x3D, 0x3D,
    0x0D, 0x0A, 0x00, 0x20, 0x20, 0x5B, 0x57, 0x49, 0x4E, 0x33, 0x32, 0x20, 0x4C, 0x49, 0x46, 0x45,
    0x5D, 0x20, 0x43, 0x6F, 0x6E, 0x77, 0x61, 0x79, 0x27, 0x73, 0x20, 0x47, 0x61, 0x6D, 0x65, 0x20,
    0x6F, 0x66, 0x20, 0x4C, 0x69, 0x66, 0x65, 0x20, 0x43, 0x65, 0x6C, 0x6C, 0x75, 0x6C, 0x61, 0x72,
    0x20, 0x53, 0x69, 0x6D, 0x75, 0x6C, 0x61, 0x74, 0x69, 0x6F, 0x6E, 0x20, 0x20, 0x20, 0x20, 0x20,
    0x20, 0x20, 0x20, 0x0D, 0x0A, 0x00, 0x5B, 0x57, 0x49, 0x4E, 0x33, 0x32, 0x20, 0x4C, 0x49, 0x46,
    0x45, 0x5D, 0x20, 0x31, 0x30, 0x20, 0x47, 0x65, 0x6E, 0x65, 0x72, 0x61, 0x74, 0x69, 0x6F, 0x6E,
    0x73, 0x20, 0x43, 0x6F, 0x6D, 0x70, 0x6C, 0x65, 0x74, 0x65, 0x2E, 0x20, 0x46, 0x69, 0x6E, 0x61,
    0x6C, 0x20, 0x50, 0x6F, 0x70, 0x75, 0x6C, 0x61, 0x74, 0x69, 0x6F, 0x6E, 0x3A, 0x20, 0x00, 0x0D,
    0x0A, 0x5B, 0x57, 0x49, 0x4E, 0x33, 0x32, 0x20, 0x4C, 0x49, 0x46, 0x45, 0x5D, 0x20, 0x45, 0x78,
    0x69, 0x74, 0x69, 0x6E, 0x67, 0x20, 0x63, 0x6C, 0x65, 0x61, 0x6E, 0x6C, 0x79, 0x20, 0x77, 0x69,
    0x74, 0x68, 0x20, 0x73, 0x74, 0x61, 0x74, 0x75, 0x73, 0x20, 0x63, 0x6F, 0x64, 0x65, 0x20, 0x37,
    0x2E, 0x2E, 0x2E, 0x0D, 0x0A, 0x00, 0x2D, 0x2D, 0x2D, 0x20, 0x5B, 0x47, 0x65, 0x6E, 0x65, 0x72,
    0x61, 0x74, 0x69, 0x6F, 0x6E, 0x20, 0x00, 0x20, 0x7C, 0x20, 0x41, 0x6C, 0x69, 0x76, 0x65, 0x3A,
    0x20, 0x00, 0x5D, 0x20, 0x2D, 0x2D, 0x2D, 0x2D, 0x2D, 0x2D, 0x2D, 0x2D, 0x2D, 0x2D, 0x2D, 0x2D,
    0x2D, 0x2D, 0x2D, 0x2D, 0x2D, 0x2D, 0x2D, 0x2D, 0x2D, 0x2D, 0x2D, 0x0D, 0x0A, 0x00, 0x30, 0x00,
    0xFF, 0xFF, 0xFF, 0xFF, 0xFF, 0xFF, 0xFF, 0xFF, 0x00, 0x00, 0x00, 0x00, 0x00, 0x00, 0x00, 0x00,
    0xFF, 0xFF, 0xFF, 0xFF, 0xFF, 0xFF, 0xFF, 0xFF, 0x00, 0x00, 0x00, 0x00, 0x00, 0x00, 0x00, 0x00,
    0x00, 0x00, 0x00, 0x00, 0x00, 0x00, 0x00, 0x00, 0x00, 0x00, 0x00, 0x00, 0x00, 0x00, 0x00, 0x00,
    0x00, 0x00, 0x00, 0x00, 0x00, 0x00, 0x00, 0x00, 0x00, 0x00, 0x00, 0x00, 0x00, 0x00, 0x00, 0x00,
    0x00, 0x00, 0x00, 0x00, 0x00, 0x00, 0x00, 0x00, 0x00, 0x00, 0x00, 0x00, 0x00, 0x00, 0x00, 0x00,
    0x00, 0x00, 0x00, 0x00, 0x00, 0x00, 0x00, 0x00, 0x00, 0x00, 0x00, 0x00, 0x00, 0x00, 0x00, 0x00,
    0x00, 0x00, 0x00, 0x00, 0x00, 0x00, 0x00, 0x00, 0x00, 0x00, 0x00, 0x00, 0x00, 0x00, 0x00, 0x00,
    0x00, 0x00, 0x00, 0x00, 0x00, 0x00, 0x00, 0x00, 0x00, 0x00, 0x00, 0x00, 0x00, 0x00, 0x00, 0x00,
    0x00, 0x00, 0x00, 0x00, 0x00, 0x00, 0x00, 0x00, 0x00, 0x00, 0x00, 0x00, 0x00, 0x00, 0x00, 0x00,
    0x00, 0x00, 0x00, 0x00, 0x00, 0x00, 0x00, 0x00, 0x00, 0x00, 0x00, 0x00, 0x00, 0x00, 0x00, 0x00,
    0x00, 0x00, 0x00, 0x00, 0x00, 0x00, 0x00, 0x00, 0x00, 0x00, 0x00, 0x00, 0x00, 0x00, 0x00, 0x00,
    0x00, 0x00, 0x00, 0x00, 0x00, 0x00, 0x00, 0x00, 0x00, 0x00, 0x00, 0x00, 0x00, 0x00, 0x00, 0x00,
    0x00, 0x00, 0x00, 0x00, 0x00, 0x00, 0x00, 0x00, 0x00, 0x00, 0x00, 0x00, 0x00, 0x00, 0x00, 0x00,
    0x00, 0x10, 0x00, 0x00, 0xCB, 0x11, 0x00, 0x00, 0x00, 0x40, 0x00, 0x00, 0xD0, 0x11, 0x00, 0x00,
    0x4A, 0x12, 0x00, 0x00, 0x08, 0x40, 0x00, 0x00, 0x50, 0x12, 0x00, 0x00, 0x4A, 0x13, 0x00, 0x00,
    0x10, 0x40, 0x00, 0x00, 0x50, 0x13, 0x00, 0x00, 0xF9, 0x14, 0x00, 0x00, 0x18, 0x40, 0x00, 0x00,
    0x00, 0x15, 0x00, 0x00, 0xB3, 0x15, 0x00, 0x00, 0x20, 0x40, 0x00, 0x00, 0xC0, 0x15, 0x00, 0x00,
    0x80, 0x16, 0x00, 0x00, 0x28, 0x40, 0x00, 0x00, 0x00, 0x00, 0x00, 0x00, 0x00, 0x00, 0x00, 0x00,
    0x00, 0x00, 0x00, 0x00, 0x00, 0x00, 0x00, 0x00, 0x00, 0x00, 0x00, 0x00, 0x00, 0x00, 0x00, 0x00,
    0x00, 0x00, 0x00, 0x00, 0x00, 0x00, 0x00, 0x00, 0x00, 0x00, 0x00, 0x00, 0x00, 0x00, 0x00, 0x00,
    0x00, 0x00, 0x00, 0x00, 0x00, 0x00, 0x00, 0x00, 0x00, 0x00, 0x00, 0x00, 0x00, 0x00, 0x00, 0x00,
    0x00, 0x00, 0x00, 0x00, 0x00, 0x00, 0x00, 0x00, 0x00, 0x00, 0x00, 0x00, 0x00, 0x00, 0x00, 0x00,
    0x00, 0x00, 0x00, 0x00, 0x00, 0x00, 0x00, 0x00, 0x00, 0x00, 0x00, 0x00, 0x00, 0x00, 0x00, 0x00,
    0x00, 0x00, 0x00, 0x00, 0x00, 0x00, 0x00, 0x00, 0x00, 0x00, 0x00, 0x00, 0x00, 0x00, 0x00, 0x00,
    0x00, 0x00, 0x00, 0x00, 0x00, 0x00, 0x00, 0x00, 0x00, 0x00, 0x00, 0x00, 0x00, 0x00, 0x00, 0x00,
    0x00, 0x00, 0x00, 0x00, 0x00, 0x00, 0x00, 0x00, 0x00, 0x00, 0x00, 0x00, 0x00, 0x00, 0x00, 0x00,
    0x00, 0x00, 0x00, 0x00, 0x00, 0x00, 0x00, 0x00, 0x00, 0x00, 0x00, 0x00, 0x00, 0x00, 0x00, 0x00,
    0x00, 0x00, 0x00, 0x00, 0x00, 0x00, 0x00, 0x00, 0x00, 0x00, 0x00, 0x00, 0x00, 0x00, 0x00, 0x00,
    0x00, 0x00, 0x00, 0x00, 0x00, 0x00, 0x00, 0x00, 0x00, 0x00, 0x00, 0x00, 0x00, 0x00, 0x00, 0x00,
    0x00, 0x00, 0x00, 0x00, 0x00, 0x00, 0x00, 0x00, 0x00, 0x00, 0x00, 0x00, 0x00, 0x00, 0x00, 0x00,
    0x00, 0x00, 0x00, 0x00, 0x00, 0x00, 0x00, 0x00, 0x00, 0x00, 0x00, 0x00, 0x00, 0x00, 0x00, 0x00,
    0x00, 0x00, 0x00, 0x00, 0x00, 0x00, 0x00, 0x00, 0x00, 0x00, 0x00, 0x00, 0x00, 0x00, 0x00, 0x00,
    0x00, 0x00, 0x00, 0x00, 0x00, 0x00, 0x00, 0x00, 0x00, 0x00, 0x00, 0x00, 0x00, 0x00, 0x00, 0x00,
    0x00, 0x00, 0x00, 0x00, 0x00, 0x00, 0x00, 0x00, 0x00, 0x00, 0x00, 0x00, 0x00, 0x00, 0x00, 0x00,
    0x00, 0x00, 0x00, 0x00, 0x00, 0x00, 0x00, 0x00, 0x00, 0x00, 0x00, 0x00, 0x00, 0x00, 0x00, 0x00,
    0x00, 0x00, 0x00, 0x00, 0x00, 0x00, 0x00, 0x00, 0x00, 0x00, 0x00, 0x00, 0x00, 0x00, 0x00, 0x00,
    0x00, 0x00, 0x00, 0x00, 0x00, 0x00, 0x00, 0x00, 0x00, 0x00, 0x00, 0x00, 0x00, 0x00, 0x00, 0x00,
    0x00, 0x00, 0x00, 0x00, 0x00, 0x00, 0x00, 0x00, 0x00, 0x00, 0x00, 0x00, 0x00, 0x00, 0x00, 0x00,
    0x00, 0x00, 0x00, 0x00, 0x00, 0x00, 0x00, 0x00, 0x00, 0x00, 0x00, 0x00, 0x00, 0x00, 0x00, 0x00,
    0x00, 0x00, 0x00, 0x00, 0x00, 0x00, 0x00, 0x00, 0x00, 0x00, 0x00, 0x00, 0x00, 0x00, 0x00, 0x00,
    0x00, 0x00, 0x00, 0x00, 0x00, 0x00, 0x00, 0x00, 0x00, 0x00, 0x00, 0x00, 0x00, 0x00, 0x00, 0x00,
    0x00, 0x00, 0x00, 0x00, 0x00, 0x00, 0x00, 0x00, 0x00, 0x00, 0x00, 0x00, 0x00, 0x00, 0x00, 0x00,
    0x00, 0x00, 0x00, 0x00, 0x00, 0x00, 0x00, 0x00, 0x00, 0x00, 0x00, 0x00, 0x00, 0x00, 0x00, 0x00,
    0x00, 0x00, 0x00, 0x00, 0x00, 0x00, 0x00, 0x00, 0x00, 0x00, 0x00, 0x00, 0x00, 0x00, 0x00, 0x00,
    0x00, 0x00, 0x00, 0x00, 0x00, 0x00, 0x00, 0x00, 0x00, 0x00, 0x00, 0x00, 0x00, 0x00, 0x00, 0x00,
    0x01, 0x04, 0x01, 0x00, 0x04, 0x82, 0x00, 0x00, 0x01, 0x04, 0x01, 0x00, 0x04, 0x82, 0x00, 0x00,
    0x01, 0x04, 0x01, 0x00, 0x04, 0xE2, 0x00, 0x00, 0x01, 0x04, 0x01, 0x00, 0x04, 0x82, 0x00, 0x00,
    0x01, 0x04, 0x01, 0x00, 0x04, 0xA2, 0x00, 0x00, 0x01, 0x04, 0x01, 0x00, 0x04, 0x32, 0x00, 0x00,
    0x00, 0x00, 0x00, 0x00, 0x00, 0x00, 0x00, 0x00, 0x00, 0x00, 0x00, 0x00, 0x00, 0x00, 0x00, 0x00,
    0x00, 0x00, 0x00, 0x00, 0x00, 0x00, 0x00, 0x00, 0x00, 0x00, 0x00, 0x00, 0x00, 0x00, 0x00, 0x00,
    0x00, 0x00, 0x00, 0x00, 0x00, 0x00, 0x00, 0x00, 0x00, 0x00, 0x00, 0x00, 0x00, 0x00, 0x00, 0x00,
    0x00, 0x00, 0x00, 0x00, 0x00, 0x00, 0x00, 0x00, 0x00, 0x00, 0x00, 0x00, 0x00, 0x00, 0x00, 0x00,
    0x00, 0x00, 0x00, 0x00, 0x00, 0x00, 0x00, 0x00, 0x00, 0x00, 0x00, 0x00, 0x00, 0x00, 0x00, 0x00,
    0x00, 0x00, 0x00, 0x00, 0x00, 0x00, 0x00, 0x00, 0x00, 0x00, 0x00, 0x00, 0x00, 0x00, 0x00, 0x00,
    0x00, 0x00, 0x00, 0x00, 0x00, 0x00, 0x00, 0x00, 0x00, 0x00, 0x00, 0x00, 0x00, 0x00, 0x00, 0x00,
    0x00, 0x00, 0x00, 0x00, 0x00, 0x00, 0x00, 0x00, 0x00, 0x00, 0x00, 0x00, 0x00, 0x00, 0x00, 0x00,
    0x00, 0x00, 0x00, 0x00, 0x00, 0x00, 0x00, 0x00, 0x00, 0x00, 0x00, 0x00, 0x00, 0x00, 0x00, 0x00,
    0x00, 0x00, 0x00, 0x00, 0x00, 0x00, 0x00, 0x00, 0x00, 0x00, 0x00, 0x00, 0x00, 0x00, 0x00, 0x00,
    0x00, 0x00, 0x00, 0x00, 0x00, 0x00, 0x00, 0x00, 0x00, 0x00, 0x00, 0x00, 0x00, 0x00, 0x00, 0x00,
    0x00, 0x00, 0x00, 0x00, 0x00, 0x00, 0x00, 0x00, 0x00, 0x00, 0x00, 0x00, 0x00, 0x00, 0x00, 0x00,
    0x00, 0x00, 0x00, 0x00, 0x00, 0x00, 0x00, 0x00, 0x00, 0x00, 0x00, 0x00, 0x00, 0x00, 0x00, 0x00,
    0x00, 0x00, 0x00, 0x00, 0x00, 0x00, 0x00, 0x00, 0x00, 0x00, 0x00, 0x00, 0x00, 0x00, 0x00, 0x00,
    0x00, 0x00, 0x00, 0x00, 0x00, 0x00, 0x00, 0x00, 0x00, 0x00, 0x00, 0x00, 0x00, 0x00, 0x00, 0x00,
    0x00, 0x00, 0x00, 0x00, 0x00, 0x00, 0x00, 0x00, 0x00, 0x00, 0x00, 0x00, 0x00, 0x00, 0x00, 0x00,
    0x00, 0x00, 0x00, 0x00, 0x00, 0x00, 0x00, 0x00, 0x00, 0x00, 0x00, 0x00, 0x00, 0x00, 0x00, 0x00,
    0x00, 0x00, 0x00, 0x00, 0x00, 0x00, 0x00, 0x00, 0x00, 0x00, 0x00, 0x00, 0x00, 0x00, 0x00, 0x00,
    0x00, 0x00, 0x00, 0x00, 0x00, 0x00, 0x00, 0x00, 0x00, 0x00, 0x00, 0x00, 0x00, 0x00, 0x00, 0x00,
    0x00, 0x00, 0x00, 0x00, 0x00, 0x00, 0x00, 0x00, 0x00, 0x00, 0x00, 0x00, 0x00, 0x00, 0x00, 0x00,
    0x00, 0x00, 0x00, 0x00, 0x00, 0x00, 0x00, 0x00, 0x00, 0x00, 0x00, 0x00, 0x00, 0x00, 0x00, 0x00,
    0x00, 0x00, 0x00, 0x00, 0x00, 0x00, 0x00, 0x00, 0x00, 0x00, 0x00, 0x00, 0x00, 0x00, 0x00, 0x00,
    0x00, 0x00, 0x00, 0x00, 0x00, 0x00, 0x00, 0x00, 0x00, 0x00, 0x00, 0x00, 0x00, 0x00, 0x00, 0x00,
    0x00, 0x00, 0x00, 0x00, 0x00, 0x00, 0x00, 0x00, 0x00, 0x00, 0x00, 0x00, 0x00, 0x00, 0x00, 0x00,
    0x00, 0x00, 0x00, 0x00, 0x00, 0x00, 0x00, 0x00, 0x00, 0x00, 0x00, 0x00, 0x00, 0x00, 0x00, 0x00,
    0x00, 0x00, 0x00, 0x00, 0x00, 0x00, 0x00, 0x00, 0x00, 0x00, 0x00, 0x00, 0x00, 0x00, 0x00, 0x00,
    0x00, 0x00, 0x00, 0x00, 0x00, 0x00, 0x00, 0x00, 0x00, 0x00, 0x00, 0x00, 0x00, 0x00, 0x00, 0x00,
    0x00, 0x00, 0x00, 0x00, 0x00, 0x00, 0x00, 0x00, 0x00, 0x00, 0x00, 0x00, 0x00, 0x00, 0x00, 0x00,
    0x00, 0x00, 0x00, 0x00, 0x00, 0x00, 0x00, 0x00, 0x00, 0x00, 0x00, 0x00, 0x00, 0x00, 0x00, 0x00,
    0x28, 0x60, 0x00, 0x00, 0x00, 0x00, 0x00, 0x00, 0x00, 0x00, 0x00, 0x00, 0xA0, 0x60, 0x00, 0x00,
    0x48, 0x60, 0x00, 0x00, 0x00, 0x00, 0x00, 0x00, 0x00, 0x00, 0x00, 0x00, 0x00, 0x00, 0x00, 0x00,
    0x00, 0x00, 0x00, 0x00, 0x00, 0x00, 0x00, 0x00, 0x68, 0x60, 0x00, 0x00, 0x00, 0x00, 0x00, 0x00,
    0x76, 0x60, 0x00, 0x00, 0x00, 0x00, 0x00, 0x00, 0x86, 0x60, 0x00, 0x00, 0x00, 0x00, 0x00, 0x00,
    0x00, 0x00, 0x00, 0x00, 0x00, 0x00, 0x00, 0x00, 0x68, 0x60, 0x00, 0x00, 0x00, 0x00, 0x00, 0x00,
    0x76, 0x60, 0x00, 0x00, 0x00, 0x00, 0x00, 0x00, 0x86, 0x60, 0x00, 0x00, 0x00, 0x00, 0x00, 0x00,
    0x00, 0x00, 0x00, 0x00, 0x00, 0x00, 0x00, 0x00, 0x81, 0x01, 0x45, 0x78, 0x69, 0x74, 0x50, 0x72,
    0x6F, 0x63, 0x65, 0x73, 0x73, 0x00, 0x05, 0x03, 0x47, 0x65, 0x74, 0x53, 0x74, 0x64, 0x48, 0x61,
    0x6E, 0x64, 0x6C, 0x65, 0x00, 0x00, 0x4F, 0x06, 0x57, 0x72, 0x69, 0x74, 0x65, 0x46, 0x69, 0x6C,
    0x65, 0x00, 0x00, 0x00, 0x00, 0x60, 0x00, 0x00, 0x00, 0x60, 0x00, 0x00, 0x00, 0x60, 0x00, 0x00,
    0x4B, 0x45, 0x52, 0x4E, 0x45, 0x4C, 0x33, 0x32, 0x2E, 0x64, 0x6C, 0x6C, 0x00, 0x00, 0x00, 0x00,
    0x00, 0x00, 0x00, 0x00, 0x00, 0x00, 0x00, 0x00, 0x00, 0x00, 0x00, 0x00, 0x00, 0x00, 0x00, 0x00,
    0x00, 0x00, 0x00, 0x00, 0x00, 0x00, 0x00, 0x00, 0x00, 0x00, 0x00, 0x00, 0x00, 0x00, 0x00, 0x00,
    0x00, 0x00, 0x00, 0x00, 0x00, 0x00, 0x00, 0x00, 0x00, 0x00, 0x00, 0x00, 0x00, 0x00, 0x00, 0x00,
    0x00, 0x00, 0x00, 0x00, 0x00, 0x00, 0x00, 0x00, 0x00, 0x00, 0x00, 0x00, 0x00, 0x00, 0x00, 0x00,
    0x00, 0x00, 0x00, 0x00, 0x00, 0x00, 0x00, 0x00, 0x00, 0x00, 0x00, 0x00, 0x00, 0x00, 0x00, 0x00,
    0x00, 0x00, 0x00, 0x00, 0x00, 0x00, 0x00, 0x00, 0x00, 0x00, 0x00, 0x00, 0x00, 0x00, 0x00, 0x00,
    0x00, 0x00, 0x00, 0x00, 0x00, 0x00, 0x00, 0x00, 0x00, 0x00, 0x00, 0x00, 0x00, 0x00, 0x00, 0x00,
    0x00, 0x00, 0x00, 0x00, 0x00, 0x00, 0x00, 0x00, 0x00, 0x00, 0x00, 0x00, 0x00, 0x00, 0x00, 0x00,
    0x00, 0x00, 0x00, 0x00, 0x00, 0x00, 0x00, 0x00, 0x00, 0x00, 0x00, 0x00, 0x00, 0x00, 0x00, 0x00,
    0x00, 0x00, 0x00, 0x00, 0x00, 0x00, 0x00, 0x00, 0x00, 0x00, 0x00, 0x00, 0x00, 0x00, 0x00, 0x00,
    0x00, 0x00, 0x00, 0x00, 0x00, 0x00, 0x00, 0x00, 0x00, 0x00, 0x00, 0x00, 0x00, 0x00, 0x00, 0x00,
    0x00, 0x00, 0x00, 0x00, 0x00, 0x00, 0x00, 0x00, 0x00, 0x00, 0x00, 0x00, 0x00, 0x00, 0x00, 0x00,
    0x00, 0x00, 0x00, 0x00, 0x00, 0x00, 0x00, 0x00, 0x00, 0x00, 0x00, 0x00, 0x00, 0x00, 0x00, 0x00,
    0x00, 0x00, 0x00, 0x00, 0x00, 0x00, 0x00, 0x00, 0x00, 0x00, 0x00, 0x00, 0x00, 0x00, 0x00, 0x00,
    0x00, 0x00, 0x00, 0x00, 0x00, 0x00, 0x00, 0x00, 0x00, 0x00, 0x00, 0x00, 0x00, 0x00, 0x00, 0x00,
    0x00, 0x00, 0x00, 0x00, 0x00, 0x00, 0x00, 0x00, 0x00, 0x00, 0x00, 0x00, 0x00, 0x00, 0x00, 0x00,
    0x00, 0x00, 0x00, 0x00, 0x00, 0x00, 0x00, 0x00, 0x00, 0x00, 0x00, 0x00, 0x00, 0x00, 0x00, 0x00,
    0x00, 0x00, 0x00, 0x00, 0x00, 0x00, 0x00, 0x00, 0x00, 0x00, 0x00, 0x00, 0x00, 0x00, 0x00, 0x00,
    0x00, 0x00, 0x00, 0x00, 0x00, 0x00, 0x00, 0x00, 0x00, 0x00, 0x00, 0x00, 0x00, 0x00, 0x00, 0x00,
    0x00, 0x00, 0x00, 0x00, 0x00, 0x00, 0x00, 0x00, 0x00, 0x00, 0x00, 0x00, 0x00, 0x00, 0x00, 0x00,
    0x00, 0x00, 0x00, 0x00, 0x00, 0x00, 0x00, 0x00, 0x00, 0x00, 0x00, 0x00, 0x00, 0x00, 0x00, 0x00,
    0x2E, 0x74, 0x65, 0x78, 0x74, 0x00, 0x00, 0x00, 0x00, 0x00, 0x00, 0x00, 0x01, 0x00, 0x00, 0x00,
    0x03, 0x01, 0x80, 0x06, 0x00, 0x00, 0x39, 0x00, 0x00, 0x00, 0x07, 0x94, 0x32, 0x03, 0x01, 0x00,
    0x00, 0x00, 0x00, 0x00, 0x2E, 0x62, 0x73, 0x73, 0x00, 0x00, 0x00, 0x00, 0x00, 0x00, 0x00, 0x00,
    0x05, 0x00, 0x00, 0x00, 0x03, 0x01, 0xB8, 0x04, 0x00, 0x00, 0x00, 0x00, 0x00, 0x00, 0x00, 0x00,
    0x00, 0x00, 0x03, 0x00, 0x00, 0x00, 0x00, 0x00, 0x2E, 0x78, 0x64, 0x61, 0x74, 0x61, 0x00, 0x00,
    0x00, 0x00, 0x00, 0x00, 0x04, 0x00, 0x00, 0x00, 0x03, 0x01, 0x30, 0x00, 0x00, 0x00, 0x00, 0x00,
    0x00, 0x00, 0xB5, 0x4F, 0x84, 0x34, 0x04, 0x00, 0x00, 0x00, 0x00, 0x00, 0x2E, 0x72, 0x64, 0x61,
    0x74, 0x61, 0x00, 0x00, 0x00, 0x00, 0x00, 0x00, 0x02, 0x00, 0x00, 0x00, 0x03, 0x01, 0x30, 0x01,
    0x00, 0x00, 0x00, 0x00, 0x00, 0x00, 0x09, 0xD1, 0x5F, 0x70, 0x05, 0x00, 0x00, 0x00, 0x00, 0x00,
    0x2E, 0x70, 0x64, 0x61, 0x74, 0x61, 0x00, 0x00, 0x00, 0x00, 0x00, 0x00, 0x03, 0x00, 0x00, 0x00,
    0x03, 0x01, 0x48, 0x00, 0x00, 0x00, 0x12, 0x00, 0x00, 0x00, 0x10, 0x82, 0xEF, 0xE0, 0x07, 0x00,
    0x00, 0x00, 0x00, 0x00, 0x40, 0x66, 0x65, 0x61, 0x74, 0x2E, 0x30, 0x30, 0x00, 0x00, 0x00, 0x00,
    0xFF, 0xFF, 0x00, 0x00, 0x03, 0x00, 0x00, 0x00, 0x00, 0x00, 0x04, 0x00, 0x00, 0x00, 0x00, 0x00,
    0x00, 0x00, 0x01, 0x00, 0x20, 0x00, 0x02, 0x00, 0x00, 0x00, 0x00, 0x00, 0x13, 0x00, 0x00, 0x00,
    0xD0, 0x01, 0x00, 0x00, 0x01, 0x00, 0x20, 0x00, 0x03, 0x00, 0x00, 0x00, 0x00, 0x00, 0x1D, 0x00,
    0x00, 0x00, 0x00, 0x00, 0x00, 0x00, 0x05, 0x00, 0x00, 0x00, 0x03, 0x00, 0x00, 0x00, 0x00, 0x00,
    0x27, 0x00, 0x00, 0x00, 0x50, 0x02, 0x00, 0x00, 0x01, 0x00, 0x20, 0x00, 0x03, 0x00, 0x65, 0x76,
    0x6F, 0x6C, 0x76, 0x65, 0x00, 0x00, 0x50, 0x03, 0x00, 0x00, 0x01, 0x00, 0x20, 0x00, 0x03, 0x00,
    0x00, 0x00, 0x00, 0x00, 0x33, 0x00, 0x00, 0x00, 0x00, 0x05, 0x00, 0x00, 0x01, 0x00, 0x20, 0x00,
    0x03, 0x00, 0x00, 0x00, 0x00, 0x00, 0x3D, 0x00, 0x00, 0x00, 0xC0, 0x05, 0x00, 0x00, 0x01, 0x00,
    0x20, 0x00, 0x03, 0x00, 0x00, 0x00, 0x00, 0x00, 0x4D, 0x00, 0x00, 0x00, 0x60, 0x02, 0x00, 0x00,
    0x05, 0x00, 0x00, 0x00, 0x03, 0x00, 0x2E, 0x66, 0x69, 0x6C, 0x65, 0x00, 0x00, 0x00, 0x2A, 0x00,
    0x00, 0x00, 0xFE, 0xFF, 0x00, 0x00, 0x67, 0x01, 0x77, 0x69, 0x6E, 0x5F, 0x6C, 0x69, 0x66, 0x65,
    0x2E, 0x63, 0x00, 0x00, 0x00, 0x00, 0x00, 0x00, 0x00, 0x00, 0x2E, 0x74, 0x65, 0x78, 0x74, 0x00,
    0x00, 0x00, 0x80, 0x06, 0x00, 0x00, 0x01, 0x00, 0x00, 0x00, 0x03, 0x00, 0x2E, 0x64, 0x61, 0x74,
    0x61, 0x00, 0x00, 0x00, 0x00, 0x00, 0x00, 0x00, 0x00, 0x00, 0x00, 0x00, 0x03, 0x00, 0x2E, 0x62,
    0x73, 0x73, 0x00, 0x00, 0x00, 0x00, 0xB8, 0x04, 0x00, 0x00, 0x05, 0x00, 0x00, 0x00, 0x03, 0x00,
    0x2E, 0x69, 0x64, 0x61, 0x74, 0x61, 0x24, 0x37, 0x9C, 0x00, 0x00, 0x00, 0x06, 0x00, 0x00, 0x00,
    0x03, 0x00, 0x2E, 0x69, 0x64, 0x61, 0x74, 0x61, 0x24, 0x35, 0x58, 0x00, 0x00, 0x00, 0x06, 0x00,
    0x00, 0x00, 0x03, 0x00, 0x2E, 0x69, 0x64, 0x61, 0x74, 0x61, 0x24, 0x34, 0x38, 0x00, 0x00, 0x00,
    0x06, 0x00, 0x00, 0x00, 0x03, 0x00, 0x2E, 0x69, 0x64, 0x61, 0x74, 0x61, 0x24, 0x36, 0x86, 0x00,
    0x00, 0x00, 0x06, 0x00, 0x00, 0x00, 0x03, 0x00, 0x2E, 0x74, 0x65, 0x78, 0x74, 0x00, 0x00, 0x00,
    0x88, 0x06, 0x00, 0x00, 0x01, 0x00, 0x00, 0x00, 0x03, 0x00, 0x2E, 0x64, 0x61, 0x74, 0x61, 0x00,
    0x00, 0x00, 0x00, 0x00, 0x00, 0x00, 0x00, 0x00, 0x00, 0x00, 0x03, 0x00, 0x2E, 0x62, 0x73, 0x73,
    0x00, 0x00, 0x00, 0x00, 0xB8, 0x04, 0x00, 0x00, 0x05, 0x00, 0x00, 0x00, 0x03, 0x00, 0x2E, 0x69,
    0x64, 0x61, 0x74, 0x61, 0x24, 0x37, 0x98, 0x00, 0x00, 0x00, 0x06, 0x00, 0x00, 0x00, 0x03, 0x00,
    0x2E, 0x69, 0x64, 0x61, 0x74, 0x61, 0x24, 0x35, 0x50, 0x00, 0x00, 0x00, 0x06, 0x00, 0x00, 0x00,
    0x03, 0x00, 0x2E, 0x69, 0x64, 0x61, 0x74, 0x61, 0x24, 0x34, 0x30, 0x00, 0x00, 0x00, 0x06, 0x00,
    0x00, 0x00, 0x03, 0x00, 0x2E, 0x69, 0x64, 0x61, 0x74, 0x61, 0x24, 0x36, 0x76, 0x00, 0x00, 0x00,
    0x06, 0x00, 0x00, 0x00, 0x03, 0x00, 0x2E, 0x74, 0x65, 0x78, 0x74, 0x00, 0x00, 0x00, 0x90, 0x06,
    0x00, 0x00, 0x01, 0x00, 0x00, 0x00, 0x03, 0x00, 0x2E, 0x64, 0x61, 0x74, 0x61, 0x00, 0x00, 0x00,
    0x00, 0x00, 0x00, 0x00, 0x00, 0x00, 0x00, 0x00, 0x03, 0x00, 0x2E, 0x62, 0x73, 0x73, 0x00, 0x00,
    0x00, 0x00, 0xB8, 0x04, 0x00, 0x00, 0x05, 0x00, 0x00, 0x00, 0x03, 0x00, 0x2E, 0x69, 0x64, 0x61,
    0x74, 0x61, 0x24, 0x37, 0x94, 0x00, 0x00, 0x00, 0x06, 0x00, 0x00, 0x00, 0x03, 0x00, 0x2E, 0x69,
    0x64, 0x61, 0x74, 0x61, 0x24, 0x35, 0x48, 0x00, 0x00, 0x00, 0x06, 0x00, 0x00, 0x00, 0x03, 0x00,
    0x2E, 0x69, 0x64, 0x61, 0x74, 0x61, 0x24, 0x34, 0x28, 0x00, 0x00, 0x00, 0x06, 0x00, 0x00, 0x00,
    0x03, 0x00, 0x2E, 0x69, 0x64, 0x61, 0x74, 0x61, 0x24, 0x36, 0x68, 0x00, 0x00, 0x00, 0x06, 0x00,
    0x00, 0x00, 0x03, 0x00, 0x2E, 0x66, 0x69, 0x6C, 0x65, 0x00, 0x00, 0x00, 0x36, 0x00, 0x00, 0x00,
    0xFE, 0xFF, 0x00, 0x00, 0x67, 0x01, 0x66, 0x61, 0x6B, 0x65, 0x00, 0x00, 0x00, 0x00, 0x00, 0x00,
    0x00, 0x00, 0x00, 0x00, 0x00, 0x00, 0x00, 0x00, 0x68, 0x6E, 0x61, 0x6D, 0x65, 0x00, 0x00, 0x00,
    0x28, 0x00, 0x00, 0x00, 0x06, 0x00, 0x00, 0x00, 0x03, 0x00, 0x66, 0x74, 0x68, 0x75, 0x6E, 0x6B,
    0x00, 0x00, 0x48, 0x00, 0x00, 0x00, 0x06, 0x00, 0x00, 0x00, 0x03, 0x00, 0x2E, 0x74, 0x65, 0x78,
    0x74, 0x00, 0x00, 0x00, 0xA0, 0x06, 0x00, 0x00, 0x01, 0x00, 0x00, 0x00, 0x03, 0x01, 0x00, 0x00,
    0x00, 0x00, 0x00, 0x00, 0x00, 0x00, 0x00, 0x00, 0x00, 0x00, 0x00, 0x00, 0x00, 0x00, 0x00, 0x00,
    0x2E, 0x62, 0x73, 0x73, 0x00, 0x00, 0x00, 0x00, 0xC0, 0x04, 0x00, 0x00, 0x05, 0x00, 0x00, 0x00,
    0x03, 0x01, 0x00, 0x00, 0x00, 0x00, 0x00, 0x00, 0x00, 0x00, 0x00, 0x00, 0x00, 0x00, 0x00, 0x00,
    0x00, 0x00, 0x00, 0x00, 0x2E, 0x69, 0x64, 0x61, 0x74, 0x61, 0x24, 0x32, 0x00, 0x00, 0x00, 0x00,
    0x06, 0x00, 0x00, 0x00, 0x03, 0x01, 0x14, 0x00, 0x00, 0x00, 0x03, 0x00, 0x00, 0x00, 0x00, 0x00,
    0x00, 0x00, 0x00, 0x00, 0x00, 0x00, 0x00, 0x00, 0x2E, 0x69, 0x64, 0x61, 0x74, 0x61, 0x24, 0x34,
    0x28, 0x00, 0x00, 0x00, 0x06, 0x00, 0x00, 0x00, 0x03, 0x00, 0x2E, 0x69, 0x64, 0x61, 0x74, 0x61,
    0x24, 0x35, 0x48, 0x00, 0x00, 0x00, 0x06, 0x00, 0x00, 0x00, 0x03, 0x00, 0x2E, 0x66, 0x69, 0x6C,
    0x65, 0x00, 0x00, 0x00, 0x42, 0x00, 0x00, 0x00, 0xFE, 0xFF, 0x00, 0x00, 0x67, 0x01, 0x66, 0x61,
    0x6B, 0x65, 0x00, 0x00, 0x00, 0x00, 0x00, 0x00, 0x00, 0x00, 0x00, 0x00, 0x00, 0x00, 0x00, 0x00,
    0x2E, 0x74, 0x65, 0x78, 0x74, 0x00, 0x00, 0x00, 0xA0, 0x06, 0x00, 0x00, 0x01, 0x00, 0x00, 0x00,
    0x03, 0x01, 0x00, 0x00, 0x00, 0x00, 0x00, 0x00, 0x00, 0x00, 0x00, 0x00, 0x00, 0x00, 0x00, 0x00,
    0x00, 0x00, 0x00, 0x00, 0x2E, 0x62, 0x73, 0x73, 0x00, 0x00, 0x00, 0x00, 0xC0, 0x04, 0x00, 0x00,
    0x05, 0x00, 0x00, 0x00, 0x03, 0x01, 0x00, 0x00, 0x00, 0x00, 0x00, 0x00, 0x00, 0x00, 0x00, 0x00,
    0x00, 0x00, 0x00, 0x00, 0x00, 0x00, 0x00, 0x00, 0x2E, 0x69, 0x64, 0x61, 0x74, 0x61, 0x24, 0x34,
    0x40, 0x00, 0x00, 0x00, 0x06, 0x00, 0x00, 0x00, 0x03, 0x01, 0x08, 0x00, 0x00, 0x00, 0x00, 0x00,
    0x00, 0x00, 0x00, 0x00, 0x00, 0x00, 0x00, 0x00, 0x00, 0x00, 0x00, 0x00, 0x2E, 0x69, 0x64, 0x61,
    0x74, 0x61, 0x24, 0x35, 0x60, 0x00, 0x00, 0x00, 0x06, 0x00, 0x00, 0x00, 0x03, 0x01, 0x08, 0x00,
    0x00, 0x00, 0x00, 0x00, 0x00, 0x00, 0x00, 0x00, 0x00, 0x00, 0x00, 0x00, 0x00, 0x00, 0x00, 0x00,
    0x2E, 0x69, 0x64, 0x61, 0x74, 0x61, 0x24, 0x37, 0xA0, 0x00, 0x00, 0x00, 0x06, 0x00, 0x00, 0x00,
    0x03, 0x01, 0x0D, 0x00, 0x00, 0x00, 0x00, 0x00, 0x00, 0x00, 0x00, 0x00, 0x00, 0x00, 0x00, 0x00,
    0x00, 0x00, 0x00, 0x00, 0x00, 0x00, 0x00, 0x00, 0x57, 0x00, 0x00, 0x00, 0x30, 0x01, 0x00, 0x00,
    0x02, 0x00, 0x00, 0x00, 0x02, 0x00, 0x00, 0x00, 0x00, 0x00, 0x76, 0x00, 0x00, 0x00, 0x50, 0x00,
    0x00, 0x00, 0x06, 0x00, 0x00, 0x00, 0x02, 0x00, 0x00, 0x00, 0x00, 0x00, 0x89, 0x00, 0x00, 0x00,
    0xA0, 0x00, 0x00, 0x00, 0x06, 0x00, 0x00, 0x00, 0x02, 0x00, 0x00, 0x00, 0x00, 0x00, 0xA5, 0x00,
    0x00, 0x00, 0x00, 0x00, 0x00, 0x00, 0x02, 0x00, 0x00, 0x00, 0x02, 0x00, 0x00, 0x00, 0x00, 0x00,
    0xB4, 0x00, 0x00, 0x00, 0x40, 0x01, 0x00, 0x00, 0x02, 0x00, 0x00, 0x00, 0x02, 0x00, 0x00, 0x00,
    0x00, 0x00, 0xC3, 0x00, 0x00, 0x00, 0x00, 0x00, 0x00, 0x00, 0x01, 0x00, 0x00, 0x00, 0x02, 0x00,
    0x00, 0x00, 0x00, 0x00, 0xD2, 0x00, 0x00, 0x00, 0x00, 0x00, 0x80, 0x00, 0xFF, 0xFF, 0x00, 0x00,
    0x02, 0x00, 0x00, 0x00, 0x00, 0x00, 0xDE, 0x00, 0x00, 0x00, 0x30, 0x01, 0x00, 0x00, 0x02, 0x00,
    0x00, 0x00, 0x02, 0x00, 0x00, 0x00, 0x00, 0x00, 0xF2, 0x00, 0x00, 0x00, 0x60, 0x01, 0x00, 0x00,
    0xFF, 0xFF, 0x00, 0x00, 0x02, 0x00, 0x00, 0x00, 0x00, 0x00, 0x0A, 0x01, 0x00, 0x00, 0x00, 0x10,
    0x00, 0x00, 0xFF, 0xFF, 0x00, 0x00, 0x02, 0x00, 0x00, 0x00, 0x00, 0x00, 0x23, 0x01, 0x00, 0x00,
    0x00, 0x00, 0x20, 0x00, 0xFF, 0xFF, 0x00, 0x00, 0x02, 0x00, 0x00, 0x00, 0x00, 0x00, 0x3D, 0x01,
    0x00, 0x00, 0x05, 0x00, 0x00, 0x00, 0xFF, 0xFF, 0x00, 0x00, 0x02, 0x00, 0x00, 0x00, 0x00, 0x00,
    0x59, 0x01, 0x00, 0x00, 0x50, 0x01, 0x00, 0x00, 0x02, 0x00, 0x00, 0x00, 0x02, 0x00, 0x00, 0x00,
    0x00, 0x00, 0x6B, 0x01, 0x00, 0x00, 0x90, 0x06, 0x00, 0x00, 0x01, 0x00, 0x00, 0x00, 0x02, 0x00,
    0x00, 0x00, 0x00, 0x00, 0x77, 0x01, 0x00, 0x00, 0x50, 0x01, 0x00, 0x00, 0x02, 0x00, 0x00, 0x00,
    0x02, 0x00, 0x00, 0x00, 0x00, 0x00, 0x89, 0x01, 0x00, 0x00, 0x50, 0x01, 0x00, 0x00, 0x02, 0x00,
    0x00, 0x00, 0x02, 0x00, 0x00, 0x00, 0x00, 0x00, 0x99, 0x01, 0x00, 0x00, 0x48, 0x00, 0x00, 0x00,
    0x06, 0x00, 0x00, 0x00, 0x02, 0x00, 0x00, 0x00, 0x00, 0x00, 0xAB, 0x01, 0x00, 0x00, 0x00, 0x00,
    0x00, 0x00, 0x05, 0x00, 0x00, 0x00, 0x02, 0x00, 0x00, 0x00, 0x00, 0x00, 0xB9, 0x01, 0x00, 0x00,
    0x30, 0x01, 0x00, 0x00, 0x02, 0x00, 0x00, 0x00, 0x02, 0x00, 0x00, 0x00, 0x00, 0x00, 0xDC, 0x01,
    0x00, 0x00, 0x00, 0x10, 0x00, 0x00, 0xFF, 0xFF, 0x00, 0x00, 0x02, 0x00, 0x00, 0x00, 0x00, 0x00,
    0xF4, 0x01, 0x00, 0x00, 0x50, 0x01, 0x00, 0x00, 0x02, 0x00, 0x00, 0x00, 0x02, 0x00, 0x00, 0x00,
    0x00, 0x00, 0x04, 0x02, 0x00, 0x00, 0x50, 0x01, 0x00, 0x00, 0x02, 0x00, 0x00, 0x00, 0x02, 0x00,
    0x00, 0x00, 0x00, 0x00, 0x16, 0x02, 0x00, 0x00, 0x50, 0x01, 0x00, 0x00, 0x02, 0x00, 0x00, 0x00,
    0x02, 0x00, 0x5F, 0x5F, 0x64, 0x6C, 0x6C, 0x5F, 0x5F, 0x00, 0x00, 0x00, 0x00, 0x00, 0xFF, 0xFF,
    0x00, 0x00, 0x02, 0x00, 0x00, 0x00, 0x00, 0x00, 0x26, 0x02, 0x00, 0x00, 0x00, 0x00, 0x00, 0x00,
    0xFF, 0xFF, 0x00, 0x00, 0x02, 0x00, 0x00, 0x00, 0x00, 0x00, 0x3B, 0x02, 0x00, 0x00, 0x00, 0x00,
    0x80, 0x00, 0xFF, 0xFF, 0x00, 0x00, 0x02, 0x00, 0x00, 0x00, 0x00, 0x00, 0x4A, 0x02, 0x00, 0x00,
    0x00, 0x10, 0x00, 0x00, 0xFF, 0xFF, 0x00, 0x00, 0x02, 0x00, 0x00, 0x00, 0x00, 0x00, 0x60, 0x02,
    0x00, 0x00, 0x50, 0x01, 0x00, 0x00, 0x02, 0x00, 0x00, 0x00, 0x02, 0x00, 0x00, 0x00, 0x00, 0x00,
    0x72, 0x02, 0x00, 0x00, 0x68, 0x00, 0x00, 0x00, 0x06, 0x00, 0x00, 0x00, 0x02, 0x00, 0x00, 0x00,
    0x00, 0x00, 0x7E, 0x02, 0x00, 0x00, 0x30, 0x01, 0x00, 0x00, 0x02, 0x00, 0x00, 0x00, 0x02, 0x00,
    0x00, 0x00, 0x00, 0x00, 0x9C, 0x02, 0x00, 0x00, 0x00, 0x00, 0x00, 0x00, 0x02, 0x00, 0x00, 0x00,
    0x02, 0x00, 0x00, 0x00, 0x00, 0x00, 0xA9, 0x02, 0x00, 0x00, 0x30, 0x01, 0x00, 0x00, 0x02, 0x00,
    0x00, 0x00, 0x02, 0x00, 0x00, 0x00, 0x00, 0x00, 0xB7, 0x02, 0x00, 0x00, 0x00, 0x00, 0x00, 0x00,
    0x06, 0x00, 0x00, 0x00, 0x02, 0x00, 0x00, 0x00, 0x00, 0x00, 0xD1, 0x02, 0x00, 0x00, 0xC0, 0x04,
    0x00, 0x00, 0x05, 0x00, 0x00, 0x00, 0x02, 0x00, 0x00, 0x00, 0x00, 0x00, 0xDD, 0x02, 0x00, 0x00,
    0x50, 0x01, 0x00, 0x00, 0x02, 0x00, 0x00, 0x00, 0x02, 0x00, 0x00, 0x00, 0x00, 0x00, 0xED, 0x02,
    0x00, 0x00, 0x50, 0x01, 0x00, 0x00, 0x02, 0x00, 0x00, 0x00, 0x02, 0x00, 0x00, 0x00, 0x00, 0x00,
    0xFF, 0x02, 0x00, 0x00, 0x30, 0x01, 0x00, 0x00, 0x02, 0x00, 0x00, 0x00, 0x02, 0x00, 0x00, 0x00,
    0x00, 0x00, 0x0E, 0x03, 0x00, 0x00, 0x00, 0x02, 0x00, 0x00, 0xFF, 0xFF, 0x00, 0x00, 0x02, 0x00,
    0x00, 0x00, 0x00, 0x00, 0x21, 0x03, 0x00, 0x00, 0x80, 0x06, 0x00, 0x00, 0x01, 0x00, 0x00, 0x00,
    0x02, 0x00, 0x00, 0x00, 0x00, 0x00, 0x2B, 0x03, 0x00, 0x00, 0x04, 0x00, 0x00, 0x00, 0xFF, 0xFF,
    0x00, 0x00, 0x02, 0x00, 0x00, 0x00, 0x00, 0x00, 0x40, 0x03, 0x00, 0x00, 0x48, 0x00, 0x00, 0x00,
    0x06, 0x00, 0x00, 0x00, 0x02, 0x00, 0x5F, 0x5F, 0x65, 0x6E, 0x64, 0x5F, 0x5F, 0x00, 0x00, 0x00,
    0x00, 0x00, 0x01, 0x00, 0x00, 0x00, 0x02, 0x00, 0x00, 0x00, 0x00, 0x00, 0x4E, 0x03, 0x00, 0x00,
    0x40, 0x01, 0x00, 0x00, 0x02, 0x00, 0x00, 0x00, 0x02, 0x00, 0x00, 0x00, 0x00, 0x00, 0x5C, 0x03,
    0x00, 0x00, 0x30, 0x01, 0x00, 0x00, 0x02, 0x00, 0x00, 0x00, 0x02, 0x00, 0x00, 0x00, 0x00, 0x00,
    0x7D, 0x03, 0x00, 0x00, 0x00, 0x00, 0x10, 0x00, 0xFF, 0xFF, 0x00, 0x00, 0x02, 0x00, 0x00, 0x00,
    0x00, 0x00, 0x96, 0x03, 0x00, 0x00, 0x50, 0x01, 0x00, 0x00, 0x02, 0x00, 0x00, 0x00, 0x02, 0x00,
    0x00, 0x00, 0x00, 0x00, 0xA8, 0x03, 0x00, 0x00, 0x03, 0x00, 0x00, 0x00, 0xFF, 0xFF, 0x00, 0x00,
    0x02, 0x00, 0x00, 0x00, 0x00, 0x00, 0xB6, 0x03, 0x00, 0x00, 0x58, 0x00, 0x00, 0x00, 0x06, 0x00,
    0x00, 0x00, 0x02, 0x00, 0x00, 0x00, 0x00, 0x00, 0xC6, 0x03, 0x00, 0x00, 0x30, 0x01, 0x00, 0x00,
    0x02, 0x00, 0x00, 0x00, 0x02, 0x00, 0x00, 0x00, 0x00, 0x00, 0xE5, 0x03, 0x00, 0x00, 0x00, 0x00,
    0x00, 0x00, 0x01, 0x00, 0x00, 0x00, 0x02, 0x00, 0x00, 0x00, 0x00, 0x00, 0xF2, 0x03, 0x00, 0x00,
    0x00, 0x00, 0x00, 0x00, 0xFF, 0xFF, 0x00, 0x00, 0x02, 0x00, 0x00, 0x00, 0x00, 0x00, 0x0A, 0x04,
    0x00, 0x00, 0x00, 0x00, 0x00, 0x00, 0xFF, 0xFF, 0x00, 0x00, 0x02, 0x00, 0x00, 0x00, 0x00, 0x00,
    0x1B, 0x04, 0x00, 0x00, 0x30, 0x01, 0x00, 0x00, 0x02, 0x00, 0x00, 0x00, 0x02, 0x00, 0x00, 0x00,
    0x00, 0x00, 0x2D, 0x04, 0x00, 0x00, 0x02, 0x00, 0x00, 0x00, 0xFF, 0xFF, 0x00, 0x00, 0x02, 0x00,
    0x00, 0x00, 0x00, 0x00, 0x49, 0x04, 0x00, 0x00, 0x00, 0x00, 0x00, 0x00, 0xFF, 0xFF, 0x00, 0x00,
    0x02, 0x00, 0x00, 0x00, 0x00, 0x00, 0x61, 0x04, 0x00, 0x00, 0x88, 0x06, 0x00, 0x00, 0x01, 0x00,
    0x00, 0x00, 0x02, 0x00, 0x00, 0x00, 0x00, 0x00, 0x6E, 0x04, 0x00, 0x00, 0x30, 0x01, 0x00, 0x00,
    0x02, 0x00, 0x00, 0x00, 0x02, 0x00, 0x00, 0x00, 0x00, 0x00, 0x90, 0x04, 0x00, 0x00, 0x50, 0x01,
    0x00, 0x00, 0x02, 0x00, 0x00, 0x00, 0x02, 0x00, 0xA0, 0x04, 0x00, 0x00, 0x6D, 0x61, 0x69, 0x6E,
    0x43, 0x52, 0x54, 0x53, 0x74, 0x61, 0x72, 0x74, 0x75, 0x70, 0x00, 0x70, 0x72, 0x69, 0x6E, 0x74,
    0x5F, 0x73, 0x74, 0x72, 0x00, 0x67, 0x72, 0x69, 0x64, 0x5F, 0x63, 0x75, 0x72, 0x72, 0x00, 0x72,
    0x65, 0x6E, 0x64, 0x65, 0x72, 0x5F, 0x67, 0x72, 0x69, 0x64, 0x00, 0x70, 0x72, 0x69, 0x6E, 0x74,
    0x5F, 0x75, 0x33, 0x32, 0x00, 0x63, 0x6F, 0x75, 0x6E, 0x74, 0x5F, 0x6E, 0x65, 0x69, 0x67, 0x68,
    0x62, 0x6F, 0x72, 0x73, 0x00, 0x67, 0x72, 0x69, 0x64, 0x5F, 0x6E, 0x65, 0x78, 0x74, 0x00, 0x5F,
    0x5F, 0x5F, 0x52, 0x55, 0x4E, 0x54, 0x49, 0x4D, 0x45, 0x5F, 0x50, 0x53, 0x45, 0x55, 0x44, 0x4F,
    0x5F, 0x52, 0x45, 0x4C, 0x4F, 0x43, 0x5F, 0x4C, 0x49, 0x53, 0x54, 0x5F, 0x5F, 0x00, 0x5F, 0x5F,
    0x69, 0x6D, 0x70, 0x5F, 0x47, 0x65, 0x74, 0x53, 0x74, 0x64, 0x48, 0x61, 0x6E, 0x64, 0x6C, 0x65,
    0x00, 0x5F, 0x5F, 0x6C, 0x69, 0x62, 0x36, 0x34, 0x5F, 0x6C, 0x69, 0x62, 0x6B, 0x65, 0x72, 0x6E,
    0x65, 0x6C, 0x33, 0x32, 0x5F, 0x61, 0x5F, 0x69, 0x6E, 0x61, 0x6D, 0x65, 0x00, 0x5F, 0x5F, 0x64,
    0x61, 0x74, 0x61, 0x5F, 0x73, 0x74, 0x61, 0x72, 0x74, 0x5F, 0x5F, 0x00, 0x5F, 0x5F, 0x5F, 0x44,
    0x54, 0x4F, 0x52, 0x5F, 0x4C, 0x49, 0x53, 0x54, 0x5F, 0x5F, 0x00, 0x5F, 0x5F, 0x5F, 0x74, 0x6C,
    0x73, 0x5F, 0x73, 0x74, 0x61, 0x72, 0x74, 0x5F, 0x5F, 0x00, 0x5F, 0x5F, 0x49, 0x6D, 0x61, 0x67,
    0x65, 0x42, 0x61, 0x73, 0x65, 0x00, 0x5F, 0x5F, 0x72, 0x74, 0x5F, 0x70, 0x73, 0x72, 0x65, 0x6C,
    0x6F, 0x63, 0x73, 0x5F, 0x73, 0x74, 0x61, 0x72, 0x74, 0x00, 0x5F, 0x5F, 0x64, 0x6C, 0x6C, 0x5F,
    0x63, 0x68, 0x61, 0x72, 0x61, 0x63, 0x74, 0x65, 0x72, 0x69, 0x73, 0x74, 0x69, 0x63, 0x73, 0x5F,
    0x5F, 0x00, 0x5F, 0x5F, 0x73, 0x69, 0x7A, 0x65, 0x5F, 0x6F, 0x66, 0x5F, 0x73, 0x74, 0x61, 0x63,
    0x6B, 0x5F, 0x63, 0x6F, 0x6D, 0x6D, 0x69, 0x74, 0x5F, 0x5F, 0x00, 0x5F, 0x5F, 0x73, 0x69, 0x7A,
    0x65, 0x5F, 0x6F, 0x66, 0x5F, 0x73, 0x74, 0x61, 0x63, 0x6B, 0x5F, 0x72, 0x65, 0x73, 0x65, 0x72,
    0x76, 0x65, 0x5F, 0x5F, 0x00, 0x5F, 0x5F, 0x6D, 0x61, 0x6A, 0x6F, 0x72, 0x5F, 0x73, 0x75, 0x62,
    0x73, 0x79, 0x73, 0x74, 0x65, 0x6D, 0x5F, 0x76, 0x65, 0x72, 0x73, 0x69, 0x6F, 0x6E, 0x5F, 0x5F,
    0x00, 0x5F, 0x5F, 0x5F, 0x63, 0x72, 0x74, 0x5F, 0x78, 0x6C, 0x5F, 0x73, 0x74, 0x61, 0x72, 0x74,
    0x5F, 0x5F, 0x00, 0x45, 0x78, 0x69, 0x74, 0x50, 0x72, 0x6F, 0x63, 0x65, 0x73, 0x73, 0x00, 0x5F,
    0x5F, 0x5F, 0x63, 0x72, 0x74, 0x5F, 0x78, 0x69, 0x5F, 0x73, 0x74, 0x61, 0x72, 0x74, 0x5F, 0x5F,
    0x00, 0x5F, 0x5F, 0x5F, 0x63, 0x72, 0x74, 0x5F, 0x78, 0x69, 0x5F, 0x65, 0x6E, 0x64, 0x5F, 0x5F,
    0x00, 0x5F, 0x5F, 0x69, 0x6D, 0x70, 0x5F, 0x45, 0x78, 0x69, 0x74, 0x50, 0x72, 0x6F, 0x63, 0x65,
    0x73, 0x73, 0x00, 0x5F, 0x5F, 0x62, 0x73, 0x73, 0x5F, 0x73, 0x74, 0x61, 0x72, 0x74, 0x5F, 0x5F,
    0x00, 0x5F, 0x5F, 0x5F, 0x52, 0x55, 0x4E, 0x54, 0x49, 0x4D, 0x45, 0x5F, 0x50, 0x53, 0x45, 0x55,
    0x44, 0x4F, 0x5F, 0x52, 0x45, 0x4C, 0x4F, 0x43, 0x5F, 0x4C, 0x49, 0x53, 0x54, 0x5F, 0x45, 0x4E,
    0x44, 0x5F, 0x5F, 0x00, 0x5F, 0x5F, 0x73, 0x69, 0x7A, 0x65, 0x5F, 0x6F, 0x66, 0x5F, 0x68, 0x65,
    0x61, 0x70, 0x5F, 0x63, 0x6F, 0x6D, 0x6D, 0x69, 0x74, 0x5F, 0x5F, 0x00, 0x5F, 0x5F, 0x5F, 0x63,
    0x72, 0x74, 0x5F, 0x78, 0x64, 0x5F, 0x65, 0x6E, 0x64, 0x5F, 0x5F, 0x00, 0x5F, 0x5F, 0x5F, 0x63,
    0x72, 0x74, 0x5F, 0x78, 0x70, 0x5F, 0x73, 0x74, 0x61, 0x72, 0x74, 0x5F, 0x5F, 0x00, 0x5F, 0x5F,
    0x5F, 0x63, 0x72, 0x74, 0x5F, 0x78, 0x70, 0x5F, 0x65, 0x6E, 0x64, 0x5F, 0x5F, 0x00, 0x5F, 0x5F,
    0x6D, 0x69, 0x6E, 0x6F, 0x72, 0x5F, 0x6F, 0x73, 0x5F, 0x76, 0x65, 0x72, 0x73, 0x69, 0x6F, 0x6E,
    0x5F, 0x5F, 0x00, 0x5F, 0x5F, 0x69, 0x6D, 0x61, 0x67, 0x65, 0x5F, 0x62, 0x61, 0x73, 0x65, 0x5F,
    0x5F, 0x00, 0x5F, 0x5F, 0x73, 0x65, 0x63, 0x74, 0x69, 0x6F, 0x6E, 0x5F, 0x61, 0x6C, 0x69, 0x67,
    0x6E, 0x6D, 0x65, 0x6E, 0x74, 0x5F, 0x5F, 0x00, 0x5F, 0x5F, 0x5F, 0x63, 0x72, 0x74, 0x5F, 0x78,
    0x64, 0x5F, 0x73, 0x74, 0x61, 0x72, 0x74, 0x5F, 0x5F, 0x00, 0x5F, 0x5F, 0x49, 0x41, 0x54, 0x5F,
    0x65, 0x6E, 0x64, 0x5F, 0x5F, 0x00, 0x5F, 0x5F, 0x52, 0x55, 0x4E, 0x54, 0x49, 0x4D, 0x45, 0x5F,
    0x50, 0x53, 0x45, 0x55, 0x44, 0x4F, 0x5F, 0x52, 0x45, 0x4C, 0x4F, 0x43, 0x5F, 0x4C, 0x49, 0x53,
    0x54, 0x5F, 0x5F, 0x00, 0x5F, 0x5F, 0x64, 0x61, 0x74, 0x61, 0x5F, 0x65, 0x6E, 0x64, 0x5F, 0x5F,
    0x00, 0x5F, 0x5F, 0x43, 0x54, 0x4F, 0x52, 0x5F, 0x4C, 0x49, 0x53, 0x54, 0x5F, 0x5F, 0x00, 0x5F,
    0x68, 0x65, 0x61, 0x64, 0x5F, 0x6C, 0x69, 0x62, 0x36, 0x34, 0x5F, 0x6C, 0x69, 0x62, 0x6B, 0x65,
    0x72, 0x6E, 0x65, 0x6C, 0x33, 0x32, 0x5F, 0x61, 0x00, 0x5F, 0x5F, 0x62, 0x73, 0x73, 0x5F, 0x65,
    0x6E, 0x64, 0x5F, 0x5F, 0x00, 0x5F, 0x5F, 0x5F, 0x63, 0x72, 0x74, 0x5F, 0x78, 0x63, 0x5F, 0x65,
    0x6E, 0x64, 0x5F, 0x5F, 0x00, 0x5F, 0x5F, 0x5F, 0x63, 0x72, 0x74, 0x5F, 0x78, 0x63, 0x5F, 0x73,
    0x74, 0x61, 0x72, 0x74, 0x5F, 0x5F, 0x00, 0x5F, 0x5F, 0x5F, 0x43, 0x54, 0x4F, 0x52, 0x5F, 0x4C,
    0x49, 0x53, 0x54, 0x5F, 0x5F, 0x00, 0x5F, 0x5F, 0x66, 0x69, 0x6C, 0x65, 0x5F, 0x61, 0x6C, 0x69,
    0x67, 0x6E, 0x6D, 0x65, 0x6E, 0x74, 0x5F, 0x5F, 0x00, 0x57, 0x72, 0x69, 0x74, 0x65, 0x46, 0x69,
    0x6C, 0x65, 0x00, 0x5F, 0x5F, 0x6D, 0x61, 0x6A, 0x6F, 0x72, 0x5F, 0x6F, 0x73, 0x5F, 0x76, 0x65,
    0x72, 0x73, 0x69, 0x6F, 0x6E, 0x5F, 0x5F, 0x00, 0x5F, 0x5F, 0x49, 0x41, 0x54, 0x5F, 0x73, 0x74,
    0x61, 0x72, 0x74, 0x5F, 0x5F, 0x00, 0x5F, 0x5F, 0x44, 0x54, 0x4F, 0x52, 0x5F, 0x4C, 0x49, 0x53,
    0x54, 0x5F, 0x5F, 0x00, 0x5F, 0x5F, 0x44, 0x45, 0x4C, 0x41, 0x59, 0x5F, 0x49, 0x4D, 0x50, 0x4F,
    0x52, 0x54, 0x5F, 0x44, 0x49, 0x52, 0x45, 0x43, 0x54, 0x4F, 0x52, 0x59, 0x5F, 0x73, 0x74, 0x61,
    0x72, 0x74, 0x5F, 0x5F, 0x00, 0x5F, 0x5F, 0x73, 0x69, 0x7A, 0x65, 0x5F, 0x6F, 0x66, 0x5F, 0x68,
    0x65, 0x61, 0x70, 0x5F, 0x72, 0x65, 0x73, 0x65, 0x72, 0x76, 0x65, 0x5F, 0x5F, 0x00, 0x5F, 0x5F,
    0x5F, 0x63, 0x72, 0x74, 0x5F, 0x78, 0x74, 0x5F, 0x73, 0x74, 0x61, 0x72, 0x74, 0x5F, 0x5F, 0x00,
    0x5F, 0x5F, 0x73, 0x75, 0x62, 0x73, 0x79, 0x73, 0x74, 0x65, 0x6D, 0x5F, 0x5F, 0x00, 0x5F, 0x5F,
    0x69, 0x6D, 0x70, 0x5F, 0x57, 0x72, 0x69, 0x74, 0x65, 0x46, 0x69, 0x6C, 0x65, 0x00, 0x5F, 0x5F,
    0x44, 0x45, 0x4C, 0x41, 0x59, 0x5F, 0x49, 0x4D, 0x50, 0x4F, 0x52, 0x54, 0x5F, 0x44, 0x49, 0x52,
    0x45, 0x43, 0x54, 0x4F, 0x52, 0x59, 0x5F, 0x65, 0x6E, 0x64, 0x5F, 0x5F, 0x00, 0x5F, 0x5F, 0x5F,
    0x74, 0x6C, 0x73, 0x5F, 0x65, 0x6E, 0x64, 0x5F, 0x5F, 0x00, 0x5F, 0x5F, 0x6D, 0x61, 0x6A, 0x6F,
    0x72, 0x5F, 0x69, 0x6D, 0x61, 0x67, 0x65, 0x5F, 0x76, 0x65, 0x72, 0x73, 0x69, 0x6F, 0x6E, 0x5F,
    0x5F, 0x00, 0x5F, 0x5F, 0x6C, 0x6F, 0x61, 0x64, 0x65, 0x72, 0x5F, 0x66, 0x6C, 0x61, 0x67, 0x73,
    0x5F, 0x5F, 0x00, 0x5F, 0x5F, 0x72, 0x74, 0x5F, 0x70, 0x73, 0x72, 0x65, 0x6C, 0x6F, 0x63, 0x73,
    0x5F, 0x65, 0x6E, 0x64, 0x00, 0x5F, 0x5F, 0x6D, 0x69, 0x6E, 0x6F, 0x72, 0x5F, 0x73, 0x75, 0x62,
    0x73, 0x79, 0x73, 0x74, 0x65, 0x6D, 0x5F, 0x76, 0x65, 0x72, 0x73, 0x69, 0x6F, 0x6E, 0x5F, 0x5F,
    0x00, 0x5F, 0x5F, 0x6D, 0x69, 0x6E, 0x6F, 0x72, 0x5F, 0x69, 0x6D, 0x61, 0x67, 0x65, 0x5F, 0x76,
    0x65, 0x72, 0x73, 0x69, 0x6F, 0x6E, 0x5F, 0x5F, 0x00, 0x47, 0x65, 0x74, 0x53, 0x74, 0x64, 0x48,
    0x61, 0x6E, 0x64, 0x6C, 0x65, 0x00, 0x5F, 0x5F, 0x52, 0x55, 0x4E, 0x54, 0x49, 0x4D, 0x45, 0x5F,
    0x50, 0x53, 0x45, 0x55, 0x44, 0x4F, 0x5F, 0x52, 0x45, 0x4C, 0x4F, 0x43, 0x5F, 0x4C, 0x49, 0x53,
    0x54, 0x5F, 0x45, 0x4E, 0x44, 0x5F, 0x5F, 0x00, 0x5F, 0x5F, 0x5F, 0x63, 0x72, 0x74, 0x5F, 0x78,
    0x74, 0x5F, 0x65, 0x6E, 0x64, 0x5F, 0x5F, 0x00,
};

const uint8_t* loader_get_sample_win_life(size_t* out_size) {
    if (out_size) {
        *out_size = sizeof(sample_win_life_binary);
    }
    return sample_win_life_binary;
}

} // namespace loader
